date,open,high,low,close,adj_close,volume,year,month,day
2023-04-27,11.609999656677246,11.9399995803833,11.4399995803833,11.880000114440918,11.880000114440918,108277100,2023,4,27
2023-04-20,11.8100004196167,12.18000030517578,11.510000228881836,11.539999961853027,11.397647857666016,305504300,2023,4,20
2023-04-13,12.640000343322754,12.760000228881836,12.170000076293944,12.220000267028809,12.069259643554688,267536500,2023,4,13
2023-04-06,12.420000076293944,13.079999923706056,12.15999984741211,12.670000076293944,12.51370906829834,215161100,2023,4,6
2023-03-30,12.279999732971191,12.850000381469728,12.199999809265137,12.43000030517578,12.2766695022583,288564400,2023,3,30
2023-03-23,11.649999618530272,12.0600004196167,11.18000030517578,12.050000190734863,11.90135669708252,292633000,2023,3,23
2023-03-16,11.529999732971191,11.9399995803833,11.119999885559082,11.479999542236328,11.338387489318848,543401400,2023,3,16
2023-03-09,13.020000457763672,13.079999923706056,11.31999969482422,11.710000038146973,11.565550804138184,461242000,2023,3,9
2023-03-02,12.380000114440918,13.18000030517578,12.229999542236328,12.979999542236328,12.819884300231934,301826900,2023,3,2
2023-02-23,12.31999969482422,12.539999961853027,11.75,12.31999969482422,12.168025970458984,314088100,2023,2,23
2023-02-16,12.729999542236328,13.140000343322754,12.140000343322754,12.210000038146973,12.059383392333984,249115400,2023,2,16
2023-02-09,13.65999984741211,13.93000030517578,12.510000228881836,12.93000030517578,12.013171195983888,352277100,2023,2,9
2023-02-02,14.170000076293944,14.600000381469728,12.779999732971191,13.420000076293944,12.468425750732422,478042300,2023,2,2
2023-01-26,12.989999771118164,13.989999771118164,12.710000038146973,13.789999961853027,12.812190055847168,329332400,2023,1,26
2023-01-19,12.289999961853027,12.90999984741211,12.039999961853027,12.789999961853027,11.883097648620604,226232100,2023,1,19
2023-01-12,13.270000457763672,13.529999732971191,12.399999618530272,12.40999984741211,11.530041694641112,264107000,2023,1,12
2023-01-05,12.109999656677246,13.260000228881836,11.880000114440918,13.220000267028809,12.282608032226562,253717300,2023,1,5
2022-12-29,11.079999923706056,12.079999923706056,11.050000190734863,12.010000228881836,11.158405303955078,192021200,2022,12,29
2022-12-22,11.539999961853027,11.539999961853027,10.899999618530272,10.949999809265137,10.173565864562988,207572200,2022,12,22
2022-12-15,13.229999542236328,13.260000228881836,11.119999885559082,11.779999732971191,10.944713592529297,393447400,2022,12,15
2022-12-08,13.199999809265137,13.920000076293944,13.039999961853027,13.479999542236328,12.524170875549316,218475700,2022,12,8
2022-12-01,14.09000015258789,14.359999656677246,13.0600004196167,13.100000381469728,12.171116828918455,204072800,2022,12,1
2022-11-24,13.960000038146973,14.109999656677246,13.449999809265137,13.899999618530272,12.914389610290527,138148700,2022,11,24
2022-11-17,13.65999984741211,14.149999618530272,13.550000190734863,14.029999732971191,13.035171508789062,180219900,2022,11,17
2022-11-10,13.6899995803833,14.670000076293944,13.670000076293944,13.899999618530272,12.78079319000244,302837600,2022,11,10
2022-11-03,12.8100004196167,13.800000190734863,12.770000457763672,13.3100004196167,12.238299369812012,295379700,2022,11,3
2022-10-27,12.770000457763672,13.670000076293944,12.420000076293944,13.0600004196167,12.008429527282717,320004300,2022,10,27
2022-10-20,12.130000114440918,13.0600004196167,11.68000030517578,12.81999969482422,11.78775405883789,328643700,2022,10,20
2022-10-13,11.239999771118164,12.25,11.199999809265137,12.130000114440918,11.153310775756836,292910200,2022,10,13
2022-10-06,12.359999656677246,12.630000114440918,11.18000030517578,11.539999961853027,10.610816955566406,371377000,2022,10,6
2022-09-29,11.850000381469728,12.5600004196167,11.130000114440918,12.510000228881836,11.502714157104492,397969700,2022,9,29
2022-09-22,13.119999885559082,13.239999771118164,11.65999984741211,12.18000030517578,11.199286460876465,435094500,2022,9,22
2022-09-15,14.6899995803833,15.210000038146973,13.010000228881836,13.050000190734863,11.999235153198242,469139600,2022,9,15
2022-09-08,15.15999984741211,15.739999771118164,14.449999809265137,14.65999984741211,13.479599952697754,316475300,2022,9,8
2022-09-01,15.100000381469728,15.56999969482422,14.779999732971191,15.43000030517578,14.18760108947754,243629100,2022,9,1
2022-08-25,15.600000381469728,16.09000015258789,15.170000076293944,15.239999771118164,14.012898445129396,279427700,2022,8,25
2022-08-18,15.989999771118164,16.209999084472656,14.90999984741211,15.520000457763672,14.27035427093506,250130900,2022,8,18
2022-08-11,15.800000190734863,16.68000030517578,15.609999656677246,16.030000686645508,14.739290237426758,277676300,2022,8,11
2022-08-04,15.649999618530272,16.040000915527344,15.130000114440918,15.5,14.11122703552246,368405200,2022,8,4
2022-07-28,13.9399995803833,16.149999618530273,13.380000114440918,15.6899995803833,14.284202575683594,518642600,2022,7,28
2022-07-21,12.880000114440918,13.1899995803833,12.460000038146973,13.1899995803833,12.008197784423828,264349000,2022,7,21
2022-07-14,11.220000267028809,12.81999969482422,11.140000343322754,12.729999542236328,11.589414596557615,257939600,2022,7,14
2022-07-07,11.329999923706056,11.779999732971191,11.170000076293944,11.510000228881836,10.478723526000977,273758400,2022,7,7
2022-06-30,11.239999771118164,11.5,10.609999656677246,11.0600004196167,10.06904411315918,272146900,2022,6,30
2022-06-23,11.5,12.4399995803833,11.25,11.520000457763672,10.487828254699709,238463600,2022,6,23
2022-06-16,11.800000190734863,11.90999984741211,10.899999618530272,11.479999542236328,10.451410293579102,273011200,2022,6,16
2022-06-09,13.510000228881836,13.59000015258789,11.739999771118164,12.270000457763672,11.170629501342772,319551200,2022,6,9
2022-06-02,13.640000343322754,13.960000038146973,13.1899995803833,13.529999732971191,12.31773567199707,202698200,2022,6,2
2022-05-26,12.800000190734863,13.970000267028809,12.789999961853027,13.550000190734863,12.335944175720217,230321000,2022,5,26
2022-05-19,12.640000343322754,13.119999885559082,12.06999969482422,12.710000038146973,11.571205139160156,280848500,2022,5,19
2022-05-12,12.210000038146973,13.630000114440918,12.149999618530272,12.779999732971191,11.634933471679688,376457400,2022,5,12
2022-05-05,14.81999969482422,14.81999969482422,12.789999961853027,12.829999923706056,11.68045425415039,342905000,2022,5,5
2022-04-28,14.90999984741211,15.0,13.81999969482422,14.979999542236328,13.6378173828125,394984500,2022,4,28
2022-04-21,16.479999542236328,16.56999969482422,14.600000381469728,14.850000381469728,13.430110931396484,290646800,2022,4,21
2022-04-14,15.5,16.549999237060547,15.369999885559082,16.049999237060547,14.515371322631836,182268500,2022,4,14
2022-04-07,15.06999969482422,15.770000457763672,14.5600004196167,15.510000228881836,14.02700424194336,343442500,2022,4,7
2022-03-31,17.200000762939453,17.350000381469727,15.18000030517578,15.390000343322754,13.918477058410645,362961200,2022,3,31
2022-03-24,16.739999771118164,17.799999237060547,16.280000686645508,17.270000457763672,15.618720054626465,321502000,2022,3,24
2022-03-17,16.229999542236328,17.309999465942383,16.15999984741211,16.68000030517578,15.085132598876951,361171700,2022,3,17
2022-03-10,16.110000610351562,16.6299991607666,15.510000228881836,16.579999923706055,14.994694709777832,342261500,2022,3,10
2022-03-03,18.25,18.25,15.770000457763672,16.3700008392334,14.804774284362791,438565700,2022,3,3
2022-02-24,15.989999771118164,18.25,15.960000038146973,18.100000381469727,16.369359970092773,505157400,2022,2,24
2022-02-17,17.860000610351562,18.479999542236328,16.8799991607666,16.950000762939453,15.32931900024414,340178900,2022,2,17
2022-02-10,17.969999313354492,18.6299991607666,17.290000915527344,18.010000228881836,16.287965774536133,372679800,2022,2,10
2022-02-03,20.170000076293945,20.6200008392334,17.020000457763672,18.350000381469727,16.595457077026367,628539400,2022,2,3
2022-01-27,20.309999465942383,21.049999237060547,18.920000076293945,20.6299991607666,18.562021255493164,497742800,2022,1,27
2022-01-20,21.8799991607666,22.8799991607666,18.799999237060547,19.90999984741211,17.91419219970703,736783200,2022,1,20
2022-01-13,24.63999938964844,25.8700008392334,22.40999984741211,22.450000762939453,20.19957733154297,595509000,2022,1,13
2022-01-06,24.09000015258789,24.90999984741211,23.280000686645508,24.46999931335449,22.017091751098636,614938600,2022,1,6
2021-12-30,20.59000015258789,24.950000762939453,20.459999084472656,23.65999984741211,21.288286209106445,779003900,2021,12,30
2021-12-23,20.07999992370605,21.059999465942383,20.0,20.559999465942383,18.49903678894043,201165800,2021,12,23
2021-12-16,20.56999969482422,21.100000381469727,19.049999237060547,20.13999938964844,18.12113571166992,415034500,2021,12,16
2021-12-09,19.76000022888184,21.489999771118164,19.3799991607666,20.190000534057617,18.166126251220703,563886500,2021,12,9
2021-12-02,19.5,20.399999618530277,18.61000061035156,19.809999465942383,17.824216842651367,441697300,2021,12,2
2021-11-25,19.65999984741211,20.46999931335449,19.030000686645508,19.57999992370605,17.617273330688477,346746700,2021,11,25
2021-11-18,20.15999984741211,20.790000915527344,19.239999771118164,20.25,18.12882804870605,482149700,2021,11,18
2021-11-11,19.63999938964844,20.059999465942383,19.13999938964844,19.959999084472656,17.869205474853516,406525400,2021,11,11
2021-11-04,18.920000076293945,20.51000022888184,18.71999931335449,19.36000061035156,17.332054138183594,827266200,2021,11,4
2021-10-28,16.860000610351562,18.82999992370605,16.549999237060547,18.6299991607666,16.678518295288086,660946500,2021,10,28
2021-10-21,16.15999984741211,16.700000762939453,15.5,15.510000228881836,13.885337829589844,385286400,2021,10,21
2021-10-14,15.619999885559082,16.15999984741211,15.369999885559082,16.040000915527344,14.359822273254396,326612700,2021,10,14
2021-10-07,14.34000015258789,15.6899995803833,14.3100004196167,15.510000228881836,13.885337829589844,393826200,2021,10,7
2021-09-30,14.260000228881836,14.789999961853027,13.890000343322754,14.119999885559082,12.64094066619873,325970000,2021,9,30
2021-09-23,13.350000381469728,14.729999542236328,13.31999969482422,14.300000190734863,12.802084922790527,358814400,2021,9,23
2021-09-16,13.18000030517578,13.699999809265137,12.630000114440918,13.229999542236328,11.844167709350586,415017800,2021,9,16
2021-09-09,12.949999809265137,13.25,12.619999885559082,13.220000267028809,11.835214614868164,287792600,2021,9,9
2021-09-02,13.09000015258789,13.220000267028809,12.8100004196167,13.029999732971191,11.665116310119627,212659700,2021,9,2
2021-08-26,13.109999656677246,13.369999885559082,12.8100004196167,13.109999656677246,11.736737251281738,258955600,2021,8,26
2021-08-19,12.800000190734863,13.279999732971191,12.380000114440918,13.170000076293944,11.790451049804688,292096000,2021,8,19
2021-08-12,13.920000076293944,14.050000190734863,12.8100004196167,13.0,11.638259887695312,247922700,2021,8,12
2021-08-05,13.539999961853027,13.949999809265137,13.449999809265137,13.93000030517578,12.470845222473145,218651800,2021,8,5
2021-07-29,14.510000228881836,14.789999961853027,13.300000190734863,13.31999969482422,11.924738883972168,385544600,2021,7,29
2021-07-22,14.079999923706056,14.140000343322754,13.56999969482422,13.859999656677246,12.408173561096191,234822700,2021,7,22
2021-07-15,14.149999618530272,14.34000015258789,12.789999961853027,14.1899995803833,12.703607559204102,317516000,2021,7,15
2021-07-08,13.960000038146973,14.739999771118164,13.739999771118164,14.25,12.757322311401367,262310000,2021,7,8
2021-07-01,14.90999984741211,15.039999961853027,14.020000457763672,14.229999542236328,12.739418029785156,241747300,2021,7,1
2021-06-24,15.539999961853027,15.550000190734863,14.8100004196167,14.859999656677246,13.303425788879396,411519400,2021,6,24
2021-06-17,15.300000190734863,15.529999732971191,14.4399995803833,15.420000076293944,13.804765701293944,426889400,2021,6,17
2021-06-10,15.59000015258789,15.779999732971191,14.760000228881836,15.020000457763672,13.446666717529297,343152600,2021,6,10
2021-06-03,15.149999618530272,16.450000762939453,14.989999771118164,15.479999542236328,13.858479499816896,576344900,2021,6,3
2021-05-27,14.380000114440918,15.050000190734863,14.119999885559082,14.90999984741211,13.348188400268556,597632600,2021,5,27
2021-05-20,12.520000457763672,13.949999809265137,12.300000190734863,13.899999618530272,12.443984985351562,759498900,2021,5,20
2021-05-13,11.359999656677246,12.529999732971191,11.350000381469728,12.109999656677246,10.841485023498535,300113100,2021,5,13
2021-05-06,11.550000190734863,11.93000030517578,11.279999732971191,11.329999923706056,10.143190383911133,255807800,2021,5,6
2021-04-29,11.90999984741211,11.90999984741211,11.140000343322754,11.609999656677246,10.393861770629885,518707600,2021,4,29
2021-04-22,12.0600004196167,12.600000381469728,11.829999923706056,12.43000030517578,11.127965927124023,275822700,2021,4,22
2021-04-15,12.300000190734863,12.359999656677246,11.18000030517578,11.729999542236328,10.50128936767578,243217600,2021,4,15
2021-04-08,12.670000076293944,12.760000228881836,12.100000381469728,12.239999771118164,10.957867622375488,235033700,2021,4,8
2021-04-01,12.279999732971191,12.989999771118164,12.020000457763672,12.729999542236328,11.396541595458984,254003600,2021,4,1
2021-03-25,11.9399995803833,12.539999961853027,11.720000267028809,12.25,10.96682071685791,258408700,2021,3,25
2021-03-18,12.699999809265137,13.010000228881836,12.119999885559082,12.140000343322754,10.868343353271484,376535200,2021,3,18
2021-03-11,12.9399995803833,13.619999885559082,12.220000267028809,12.6899995803833,11.36073112487793,442922300,2021,3,11
2021-03-04,12.239999771118164,12.979999542236328,11.630000114440918,12.90999984741211,11.557686805725098,377494900,2021,3,4
2021-02-25,12.220000267028809,12.800000190734863,11.539999961853027,12.170000076293944,10.895201683044434,372995400,2021,2,25
2021-02-18,11.369999885559082,12.399999618530272,11.130000114440918,12.270000457763672,10.984725952148438,316633000,2021,2,18
2021-02-11,11.65999984741211,11.739999771118164,11.3100004196167,11.479999542236328,10.277478218078612,198110200,2021,2,11
2021-02-04,11.399999618530272,12.039999961853027,11.170000076293944,11.760000228881836,10.528148651123049,474537100,2021,2,4
2021-01-28,10.84000015258789,11.4399995803833,10.359999656677246,11.199999809265137,10.026808738708496,471838200,2021,1,28
2021-01-21,11.279999732971191,12.149999618530272,10.699999809265137,10.789999961853027,9.65975570678711,681345700,2021,1,21
2021-01-14,9.8100004196167,10.869999885559082,9.789999961853027,10.859999656677246,9.722421646118164,416446300,2021,1,14
2021-01-07,8.9399995803833,9.920000076293944,8.819999694824219,9.779999732971191,8.7555513381958,446605400,2021,1,7
2020-12-31,8.84000015258789,8.9399995803833,8.430000305175781,8.84000015258789,7.914016246795654,267937600,2020,12,31
2020-12-24,9.010000228881836,9.020000457763672,8.779999732971191,8.859999656677246,7.931921005249023,141995200,2020,12,24
2020-12-17,9.09000015258789,9.130000114440918,8.75,8.989999771118164,8.048303604125977,305092200,2020,12,17
2020-12-10,9.3100004196167,9.31999969482422,8.880000114440918,9.039999961853027,8.093066215515137,358517600,2020,12,10
2020-12-03,9.260000228881836,9.489999771118164,9.149999618530272,9.449999809265137,8.460119247436523,274459800,2020,12,3
2020-11-26,9.119999885559082,9.399999618530272,8.979999542236328,9.199999809265137,8.236307144165039,223032000,2020,11,26
2020-11-19,8.880000114440918,9.5,8.680000305175781,9.079999923706056,8.128875732421875,379972400,2020,11,19
2020-11-12,8.260000228881836,9.050000190734863,8.100000381469727,8.819999694824219,7.896109580993652,369907700,2020,11,12
2020-11-05,7.760000228881836,8.600000381469727,7.710000038146973,8.329999923706055,7.457438945770264,385978800,2020,11,5
2020-10-29,8.170000076293945,8.239999771118164,7.610000133514404,7.639999866485596,6.839715480804443,390744000,2020,10,29
2020-10-22,7.929999828338623,8.350000381469727,7.630000114440918,7.699999809265137,6.893430709838867,345481300,2020,10,22
2020-10-15,7.420000076293945,7.880000114440918,7.369999885559082,7.849999904632568,7.027718544006348,251234400,2020,10,15
2020-10-08,7.289999961853027,7.880000114440918,7.199999809265137,7.570000171661377,6.777048587799072,335498800,2020,10,8
2020-10-01,6.710000038146973,7.25,6.599999904632568,7.230000019073486,6.472662925720215,290366300,2020,10,1
2020-09-24,6.599999904632568,6.769999980926514,6.409999847412109,6.659999847412109,5.962369441986084,256099200,2020,9,24
2020-09-17,7.039999961853027,7.400000095367432,6.630000114440918,6.639999866485596,5.944465160369873,338083900,2020,9,17
2020-09-10,6.989999771118164,7.179999828338623,6.849999904632568,7.019999980926514,6.284660339355469,294457800,2020,9,10
2020-09-03,6.920000076293945,7.170000076293945,6.75,6.96999979019165,6.239897727966309,289399100,2020,9,3
2020-08-27,6.829999923706055,6.980000019073486,6.71999979019165,6.949999809265137,6.221992492675781,242966100,2020,8,27
2020-08-20,6.769999980926514,7.099999904632568,6.650000095367432,6.820000171661377,6.105609893798828,244108200,2020,8,20
2020-08-13,7.03000020980835,7.179999828338623,6.860000133514404,6.869999885559082,6.150372505187988,242742000,2020,8,13
2020-08-06,6.929999828338623,7.380000114440918,6.789999961853027,7.110000133514404,6.365233421325684,286555400,2020,8,6
2020-07-30,6.739999771118164,7.03000020980835,6.519999980926514,6.960000038146973,6.230945110321045,379244600,2020,7,30
2020-07-23,6.869999885559082,7.059999942779541,6.769999980926514,6.920000076293945,6.195135116577148,327064500,2020,7,23
2020-07-16,6.659999847412109,6.909999847412109,6.579999923706055,6.840000152587891,6.123515605926514,384543900,2020,7,16
2020-07-09,6.090000152587891,6.78000020980835,5.739999771118164,6.739999771118164,6.033989429473877,444374900,2020,7,9
2020-07-02,6.099999904632568,6.199999809265137,6.0,6.090000152587891,5.452077388763428,248772900,2020,7,2
2020-06-25,5.860000133514404,6.179999828338623,5.800000190734863,5.980000019073486,5.353599548339844,374620500,2020,6,25
2020-06-18,6.260000228881836,6.690000057220459,5.860000133514404,5.949999809265137,5.326742172241211,421363000,2020,6,18
2020-06-11,6.070000171661377,6.869999885559082,6.039999961853027,6.329999923706055,5.666936874389648,487071900,2020,6,11
2020-06-04,6.199999809265137,7.739999771118164,6.119999885559082,6.809999942779541,6.0966572761535645,700692800,2020,6,4
2020-05-28,6.050000190734863,6.269999980926514,5.570000171661377,6.190000057220459,5.541601657867432,410668800,2020,5,28
2020-05-21,5.449999809265137,6.090000152587891,5.440000057220459,6.03000020980835,5.398362159729004,360214900,2020,5,21
2020-05-14,4.639999866485596,5.539999961853027,4.519999980926514,5.489999771118164,4.914926528930664,507285200,2020,5,14
2020-05-07,4.900000095367432,5.25,4.659999847412109,4.71999979019165,4.225584030151367,415321500,2020,5,7
2020-04-30,5.159999847412109,5.239999771118164,4.769999980926514,4.869999885559082,4.359870910644531,446004400,2020,4,30
2020-04-23,4.800000190734863,5.539999961853027,4.769999980926514,5.260000228881836,4.709018707275391,439978800,2020,4,23
2020-04-16,5.059999942779541,5.28000020980835,4.71999979019165,4.769999980926514,4.270346641540527,366657300,2020,4,16
2020-04-09,5.510000228881836,5.75,4.949999809265137,5.03000020980835,4.503111362457275,424606400,2020,4,9
2020-04-02,4.389999866485596,5.090000152587891,4.170000076293945,5.03000020980835,4.503111362457275,510929500,2020,4,2
2020-03-26,5.360000133514404,5.650000095367432,4.360000133514404,4.400000095367432,3.939103364944458,693406600,2020,3,26
2020-03-19,4.329999923706055,5.869999885559082,3.9600000381469727,5.389999866485596,4.825401782989502,736098900,2020,3,19
2020-03-12,5.380000114440918,5.900000095367432,4.099999904632568,4.5,4.028628826141357,555327500,2020,3,12
2020-03-05,6.960000038146973,6.96999979019165,5.800000190734863,5.900000095367432,5.281979560852051,492365500,2020,3,5
2020-02-27,7.130000114440918,7.340000152587891,6.670000076293945,7.079999923706055,6.338375091552734,499945000,2020,2,27
2020-02-20,8.0,8.069999694824219,7.210000038146973,7.210000038146973,6.454757690429688,422050500,2020,2,20
2020-02-13,8.210000038146973,8.359999656677246,8.0,8.0,7.162006378173828,248771500,2020,2,13
2020-02-06,8.369999885559082,8.380000114440918,8.020000457763672,8.239999771118164,7.376865386962891,430616100,2020,2,6
2020-01-30,8.8100004196167,9.239999771118164,8.260000228881836,8.3100004196167,7.439533710479736,406035800,2020,1,30
2020-01-23,9.140000343322754,9.15999984741211,8.779999732971191,8.859999656677246,7.799280166625977,348939700,2020,1,23
2020-01-16,9.229999542236328,9.279999732971191,9.100000381469728,9.15999984741211,8.06336498260498,175426500,2020,1,16
2020-01-09,9.300000190734863,9.359999656677246,9.109999656677246,9.1899995803833,8.089774131774902,239026900,2020,1,9
2020-01-02,9.289999961853027,9.420000076293944,9.0600004196167,9.25,8.142590522766113,222817800,2020,1,2
2019-12-26,9.470000267028809,9.489999771118164,9.229999542236328,9.300000190734863,8.186604499816895,125651100,2019,12,26
2019-12-19,9.550000190734863,9.56999969482422,9.380000114440918,9.470000267028809,8.336251258850098,159093200,2019,12,19
2019-12-12,9.109999656677246,9.56999969482422,9.109999656677246,9.539999961853027,8.397872924804688,207472200,2019,12,12
2019-12-05,8.970000267028809,9.140000343322754,8.880000114440918,9.109999656677246,8.0193510055542,146050300,2019,12,5
2019-11-28,9.039999961853027,9.140000343322754,8.800000190734863,8.949999809265137,7.878505229949951,120964900,2019,11,28
2019-11-21,8.770000457763672,9.149999618530272,8.670000076293945,9.100000381469728,8.010549545288086,166198900,2019,11,21
2019-11-14,8.850000381469727,9.050000190734863,8.680000305175781,8.729999542236328,7.68484354019165,160675900,2019,11,14
2019-11-07,8.960000038146973,9.130000114440918,8.800000190734863,8.8100004196167,7.755266189575195,150158900,2019,11,7
2019-10-31,8.579999923706055,9.149999618530272,8.5,8.920000076293945,7.852097988128662,208262900,2019,10,31
2019-10-24,8.869999885559082,8.890000343322754,8.520000457763672,8.539999961853027,7.517590522766113,276861200,2019,10,24
2019-10-17,9.119999885559082,9.31999969482422,8.960000038146973,9.210000038146973,7.976473331451416,185043200,2019,10,17
2019-10-10,8.579999923706055,9.1899995803833,8.520000457763672,9.06999969482422,7.855223178863525,144001800,2019,10,10
2019-10-03,8.550000190734863,8.789999961853027,8.449999809265137,8.5600004196167,7.41353178024292,145985400,2019,10,3
2019-09-26,9.229999542236328,9.600000381469728,8.4399995803833,8.609999656677246,7.456833839416504,188222300,2019,9,26
2019-09-19,9.3100004196167,9.329999923706056,9.050000190734863,9.199999809265137,7.967814445495605,141925900,2019,9,19
2019-09-12,9.359999656677246,9.59000015258789,9.18000030517578,9.25,8.011116981506348,164602200,2019,9,12
2019-09-05,9.25,9.649999618530272,9.039999961853027,9.420000076293944,8.158347129821777,218653900,2019,9,5
2019-08-29,9.100000381469728,9.229999542236328,9.029999732971191,9.199999809265137,7.967814445495605,107806300,2019,8,29
2019-08-22,9.050000190734863,9.140000343322754,8.699999809265137,9.0,7.794600486755371,156016900,2019,8,22
2019-08-15,9.0600004196167,9.100000381469728,8.779999732971191,9.039999961853027,7.82924222946167,135440100,2019,8,15
2019-08-08,9.5600004196167,9.619999885559082,8.960000038146973,9.0,7.794600486755371,161458000,2019,8,8
2019-08-01,9.529999732971191,9.59000015258789,9.0600004196167,9.529999732971191,8.25361442565918,242417900,2019,8,1
2019-07-25,9.75,9.779999732971191,9.399999618530272,9.529999732971191,8.25361442565918,311756800,2019,7,25
2019-07-18,10.300000190734863,10.350000381469728,10.0,10.329999923706056,8.814902305603027,236287100,2019,7,18
2019-07-11,10.149999618530272,10.5600004196167,10.109999656677246,10.329999923706056,8.814902305603027,156917500,2019,7,11
2019-07-04,10.18000030517578,10.270000457763672,10.09000015258789,10.109999656677246,8.627169609069824,98864800,2019,7,4
2019-06-27,10.039999961853027,10.43000030517578,10.0,10.199999809265137,8.703968048095703,167993400,2019,6,27
2019-06-20,10.130000114440918,10.149999618530272,9.81999969482422,9.90999984741211,8.456503868103027,170502800,2019,6,20
2019-06-13,9.869999885559082,10.199999809265137,9.800000190734863,10.039999961853027,8.567437171936035,128135900,2019,6,13
2019-06-06,9.720000267028809,10.029999732971191,9.65999984741211,9.850000381469728,8.405304908752441,129204100,2019,6,6
2019-05-30,9.739999771118164,9.949999809265137,9.31999969482422,9.779999732971191,8.345569610595703,192245700,2019,5,30
2019-05-23,9.850000381469728,9.949999809265137,9.550000190734863,9.710000038146973,8.28583812713623,125204100,2019,5,23
2019-05-16,10.300000190734863,10.4399995803833,9.93000030517578,9.970000267028809,8.50770378112793,178304800,2019,5,16
2019-05-09,10.260000228881836,10.40999984741211,10.039999961853027,10.359999656677246,8.84050178527832,207700300,2019,5,9
2019-05-02,10.300000190734863,10.449999809265137,10.119999885559082,10.34000015258789,8.823437690734863,174066900,2019,5,2
2019-04-25,9.520000457763672,10.5,9.34000015258789,10.300000190734863,8.789300918579102,359118700,2019,4,25
2019-04-18,9.520000457763672,9.619999885559082,9.300000190734863,9.56999969482422,8.037428855895996,147851500,2019,4,18
2019-04-11,9.350000381469728,9.600000381469728,9.239999771118164,9.5,7.978638648986816,177979100,2019,4,11
2019-04-04,9.210000038146973,9.359999656677246,9.079999923706056,9.329999923706056,7.835864543914795,161907500,2019,4,4
2019-03-28,8.649999618530273,9.270000457763672,8.640000343322754,9.130000114440918,7.667892932891846,205893600,2019,3,28
2019-03-21,8.5,8.859999656677246,8.470000267028809,8.619999885559082,7.239565372467041,222404500,2019,3,21
2019-03-14,8.520000457763672,8.869999885559082,8.369999885559082,8.510000228881836,7.147181510925293,251895000,2019,3,14
2019-03-07,8.5600004196167,8.699999809265137,8.34000015258789,8.529999732971191,7.16397762298584,221751800,2019,3,7
2019-02-28,8.770000457763672,8.970000267028809,8.5600004196167,8.579999923706055,7.20596981048584,219088100,2019,2,28
2019-02-21,8.9399995803833,8.960000038146973,8.5600004196167,8.779999732971191,7.373940944671631,214735400,2019,2,21
2019-02-14,8.380000114440918,8.979999542236328,8.319999694824219,8.9399995803833,7.508318424224853,174896300,2019,2,14
2019-02-07,8.619999885559082,8.65999984741211,8.15999984741211,8.40999984741211,7.063195705413818,174633400,2019,2,7
2019-01-31,8.619999885559082,8.899999618530273,8.59000015258789,8.720000267028809,7.323550701141357,161179800,2019,1,31
2019-01-24,8.319999694824219,8.960000038146973,8.220000267028809,8.710000038146973,7.1898932456970215,235122600,2019,1,24
2019-01-17,8.270000457763672,8.609999656677246,8.210000038146973,8.34000015258789,6.884466171264648,200230000,2019,1,17
2019-01-10,8.710000038146973,9.0600004196167,8.260000228881836,8.289999961853027,6.843193054199219,265065700,2019,1,10
2019-01-03,7.96999979019165,8.770000457763672,7.78000020980835,8.720000267028809,7.198146820068359,216990500,2019,1,3
2018-12-27,7.820000171661377,8.039999961853027,7.480000019073486,7.900000095367432,6.521257400512695,202455100,2018,12,27
2018-12-20,8.329999923706055,8.420000076293945,7.409999847412109,7.849999904632568,6.479982376098633,213988000,2018,12,20
2018-12-13,8.670000076293945,8.720000267028809,8.270000457763672,8.319999694824219,6.867957592010498,227819500,2018,12,13
2018-12-06,9.119999885559082,9.130000114440918,8.380000114440918,8.640000343322754,7.132108688354492,236895300,2018,12,6
2018-11-29,9.369999885559082,9.850000381469728,9.18000030517578,9.18000030517578,7.577866077423096,188076000,2018,11,29
2018-11-22,9.06999969482422,9.529999732971191,9.029999732971191,9.40999984741211,7.767725467681885,127307900,2018,11,22
2018-11-15,9.5,9.529999732971191,8.960000038146973,9.109999656677246,7.520082473754883,229087700,2018,11,15
2018-11-08,9.579999923706056,9.800000190734863,9.270000457763672,9.539999961853027,7.875037670135498,224106500,2018,11,8
2018-11-01,9.539999961853027,9.600000381469728,9.260000228881836,9.600000381469728,7.924566268920898,227843900,2018,11,1
2018-10-25,8.520000457763672,9.670000076293944,8.460000038146973,9.550000190734863,7.883292198181152,409883200,2018,10,25
2018-10-18,8.739999771118164,8.760000228881836,8.170000076293945,8.180000305175781,6.633230686187744,273642200,2018,10,18
2018-10-11,8.819999694824219,8.989999771118164,8.550000190734863,8.760000228881836,7.103557586669922,251229600,2018,10,11
2018-10-04,9.130000114440918,9.3100004196167,8.8100004196167,8.819999694824219,7.152210712432861,231960500,2018,10,4
2018-09-27,9.300000190734863,9.4399995803833,9.09000015258789,9.130000114440918,7.40359354019165,221953600,2018,9,27
2018-09-20,9.829999923706056,9.9399995803833,9.270000457763672,9.270000457763672,7.517121315002441,266977400,2018,9,20
2018-09-13,9.380000114440918,9.829999923706056,9.3100004196167,9.779999732971191,7.930685043334961,186040300,2018,9,13
2018-09-06,9.479999542236328,9.550000190734863,9.220000267028809,9.34000015258789,7.5738844871521,163779100,2018,9,6
2018-08-30,9.869999885559082,9.90999984741211,9.31999969482422,9.489999771118164,7.695520401000977,223637200,2018,8,30
2018-08-23,9.670000076293944,10.09000015258789,9.579999923706056,9.970000267028809,8.084756851196289,170843000,2018,8,23
2018-08-16,9.5,9.899999618530272,9.460000038146973,9.6899995803833,7.857702732086182,164070700,2018,8,16
2018-08-09,10.0600004196167,10.06999969482422,9.350000381469728,9.449999809265137,7.663084983825684,215405300,2018,8,9
2018-08-02,9.899999618530272,10.100000381469728,9.84000015258789,10.050000190734863,8.149629592895508,139054000,2018,8,2
2018-07-26,10.140000343322754,10.15999984741211,9.81999969482422,9.899999618530272,8.027994155883789,268094700,2018,7,26
2018-07-19,10.890000343322754,10.899999618530272,10.119999885559082,10.520000457763672,8.412493705749512,256582700,2018,7,19
2018-07-12,11.100000381469728,11.140000343322754,10.760000228881836,10.869999885559082,8.692376136779785,183747800,2018,7,12
2018-07-05,11.100000381469728,11.260000228881836,10.920000076293944,11.06999969482422,8.852309226989746,132833600,2018,7,5
2018-06-28,11.369999885559082,11.399999618530272,10.90999984741211,10.989999771118164,8.788335800170898,142992500,2018,6,28
2018-06-21,11.800000190734863,11.869999885559082,11.380000114440918,11.420000076293944,9.132192611694336,169991800,2018,6,21
2018-06-14,12.0,12.050000190734863,11.670000076293944,11.869999885559082,9.492040634155272,195585900,2018,6,14
2018-06-07,11.970000267028809,12.149999618530272,11.960000038146973,12.020000457763672,9.611993789672852,185886200,2018,6,7
2018-05-31,11.649999618530272,12.0,11.359999656677246,11.970000267028809,9.572007179260254,184257900,2018,5,31
2018-05-24,11.449999809265137,11.649999618530272,11.359999656677246,11.550000190734863,9.236150741577148,111092700,2018,5,24
2018-05-17,11.399999618530272,11.640000343322754,11.300000190734863,11.4399995803833,9.148184776306152,121602600,2018,5,17
2018-05-10,11.039999961853027,11.399999618530272,11.020000457763672,11.399999618530272,9.116198539733888,135691400,2018,5,10
2018-05-03,11.170000076293944,11.4399995803833,10.970000267028809,11.0600004196167,8.84431266784668,167947300,2018,5,3
2018-04-26,11.420000076293944,11.729999542236328,11.100000381469728,11.210000038146973,8.964262962341309,283473500,2018,4,26
2018-04-19,11.18000030517578,11.25,10.779999732971191,11.109999656677246,8.766674995422363,206001800,2018,4,19
2018-04-12,11.5,11.539999961853027,11.229999542236328,11.329999923706056,8.940272331237793,191668700,2018,4,12
2018-04-05,11.34000015258789,11.550000190734863,11.06999969482422,11.43000030517578,9.019182205200195,173262300,2018,4,5
2018-03-29,10.93000030517578,11.359999656677246,10.699999809265137,11.329999923706056,8.940272331237793,170820600,2018,3,29
2018-03-22,11.0,11.0600004196167,10.510000228881836,10.859999656677246,8.569403648376465,226498300,2018,3,22
2018-03-15,11.050000190734863,11.25,10.869999885559082,11.100000381469728,8.758785247802734,275615800,2018,3,15
2018-03-08,10.649999618530272,11.4399995803833,10.479999542236328,11.020000457763672,8.695659637451172,223875400,2018,3,8
2018-03-01,10.649999618530272,10.6899995803833,10.140000343322754,10.630000114440918,8.387918472290039,241380100,2018,3,1
2018-02-22,10.600000381469728,10.989999771118164,10.5600004196167,10.609999656677246,8.372135162353516,159177600,2018,2,22
2018-02-15,10.800000190734863,10.81999969482422,10.520000457763672,10.600000381469728,8.364243507385254,132905700,2018,2,15
2018-02-08,10.789999961853027,10.859999656677246,10.239999771118164,10.739999771118164,8.474714279174805,259892000,2018,2,8
2018-02-01,10.949999809265137,11.039999961853027,10.1899995803833,10.760000228881836,8.490497589111328,418402000,2018,2,1
2018-01-25,11.93000030517578,11.93000030517578,10.899999618530272,10.970000267028809,8.44815731048584,332209600,2018,1,25
2018-01-18,12.18000030517578,12.199999809265137,11.899999618530272,12.050000190734863,9.279881477355955,285828800,2018,1,18
2018-01-11,13.020000457763672,13.479999542236328,12.100000381469728,12.18000030517578,9.379996299743652,271695400,2018,1,11
2018-01-04,12.779999732971191,13.220000267028809,12.770000457763672,13.029999732971191,10.03459358215332,201869600,2018,1,4
2017-12-28,12.479999542236328,12.800000190734863,12.470000267028809,12.760000228881836,9.82666301727295,83694900,2017,12,28
2017-12-21,12.739999771118164,12.770000457763672,12.449999809265137,12.5,9.62643337249756,67551100,2017,12,21
2017-12-14,12.649999618530272,12.779999732971191,12.40999984741211,12.720000267028809,9.795859336853027,152798500,2017,12,14
2017-12-07,12.579999923706056,12.729999542236328,12.329999923706056,12.630000114440918,9.726547241210938,177823200,2017,12,7
2017-11-30,12.529999732971191,12.8100004196167,12.279999732971191,12.380000114440918,9.534018516540527,215222800,2017,11,30
2017-11-23,12.100000381469728,12.56999969482422,12.029999732971191,12.5600004196167,9.67263889312744,136140100,2017,11,23
2017-11-16,12.0,12.229999542236328,11.93000030517578,12.06999969482422,9.295284271240234,156433000,2017,11,16
2017-11-09,12.010000228881836,12.220000267028809,11.869999885559082,12.0,9.241375923156738,146306300,2017,11,9
2017-11-02,12.329999923706056,12.460000038146973,12.010000228881836,12.0600004196167,9.287583351135254,169986000,2017,11,2
2017-10-26,12.199999809265137,12.470000267028809,11.949999809265137,12.350000381469728,9.510916709899902,204891900,2017,10,26
2017-10-19,12.140000343322754,12.260000228881836,11.970000267028809,12.039999961853027,9.15845775604248,161680700,2017,10,19
2017-10-12,12.300000190734863,12.350000381469728,11.869999885559082,12.1899995803833,9.272558212280272,208928300,2017,10,12
2017-10-05,12.34000015258789,12.43000030517578,12.149999618530272,12.380000114440918,9.417084693908691,187702000,2017,10,5
2017-09-28,11.949999809265137,12.460000038146973,11.899999618530272,12.300000190734863,9.356230735778809,208904700,2017,9,28
2017-09-21,11.710000038146973,12.0600004196167,11.6899995803833,11.949999809265137,9.089996337890623,170340800,2017,9,21
2017-09-14,11.600000381469728,11.800000190734863,11.479999542236328,11.710000038146973,8.907437324523926,140792400,2017,9,14
2017-09-07,11.520000457763672,11.670000076293944,11.289999961853027,11.619999885559082,8.83897590637207,164968800,2017,9,7
2017-08-31,10.970000267028809,11.529999732971191,10.949999809265137,11.5,8.747695922851562,206048400,2017,8,31
2017-08-24,10.75,10.9399995803833,10.6899995803833,10.9399995803833,8.321722030639648,145255200,2017,8,24
2017-08-17,10.789999961853027,10.800000190734863,10.470000267028809,10.710000038146973,8.146766662597656,173751900,2017,8,17
2017-08-10,10.880000114440918,11.0,10.760000228881836,10.800000190734863,8.215228080749512,148200000,2017,8,10
2017-08-03,11.010000228881836,11.050000190734863,10.779999732971191,10.920000076293944,8.30650806427002,143067900,2017,8,3
2017-07-27,11.079999923706056,11.229999542236328,10.869999885559082,11.0,8.36736011505127,199130800,2017,7,27
2017-07-20,11.6899995803833,11.779999732971191,10.949999809265137,11.0600004196167,8.306327819824219,231195100,2017,7,20
2017-07-13,11.460000038146973,11.829999923706056,11.449999809265137,11.829999923706056,8.884615898132324,148688300,2017,7,13
2017-07-06,11.289999961853027,11.619999885559082,11.15999984741211,11.470000267028809,8.614248275756836,130691600,2017,7,6
2017-06-29,11.130000114440918,11.6899995803833,11.06999969482422,11.300000190734863,8.486574172973633,157353800,2017,6,29
2017-06-22,11.020000457763672,11.199999809265137,11.0,11.09000015258789,8.328859329223633,163791400,2017,6,22
2017-06-15,11.149999618530272,11.289999961853027,11.0,11.039999961853027,8.29130744934082,181981900,2017,6,15
2017-06-08,11.06999969482422,11.359999656677246,10.90999984741211,11.220000267028809,8.426492691040039,183773600,2017,6,8
2017-06-01,11.25,11.539999961853027,11.020000457763672,11.06999969482422,8.313837051391602,247078700,2017,6,1
2017-05-25,10.960000038146973,11.130000114440918,10.760000228881836,11.119999885559082,8.351388931274414,146927000,2017,5,25
2017-05-18,10.729999542236328,11.170000076293944,10.699999809265137,10.960000038146973,8.23122501373291,231112900,2017,5,18
2017-05-11,11.039999961853027,11.06999969482422,10.670000076293944,10.760000228881836,8.081021308898926,187700400,2017,5,11
2017-05-04,11.09000015258789,11.260000228881836,10.960000038146973,11.039999961853027,8.29130744934082,178259800,2017,5,4
2017-04-27,11.65999984741211,11.68000030517578,10.899999618530272,11.06999969482422,8.313837051391602,280542500,2017,4,27
2017-04-20,11.25,11.699999809265137,11.239999771118164,11.600000381469728,8.711880683898926,204686000,2017,4,20
2017-04-13,11.220000267028809,11.300000190734863,11.079999923706056,11.1899995803833,8.292205810546875,150706000,2017,4,13
2017-04-06,11.270000457763672,11.359999656677246,11.170000076293944,11.229999542236328,8.321846961975098,183852000,2017,4,6
2017-03-30,11.670000076293944,11.739999771118164,11.25,11.260000228881836,8.34407901763916,203781100,2017,3,30
2017-03-23,11.56999969482422,11.800000190734863,11.40999984741211,11.68000030517578,8.655315399169922,266153600,2017,3,23
2017-03-16,12.649999618530272,12.739999771118164,11.619999885559082,11.770000457763672,8.722007751464844,301881300,2017,3,16
2017-03-09,12.539999961853027,12.649999618530272,12.399999618530272,12.649999618530272,9.37412166595459,147893900,2017,3,9
2017-03-02,12.720000267028809,12.75,12.420000076293944,12.529999732971191,9.285197257995604,145662600,2017,3,2
2017-02-23,12.699999809265137,12.75,12.380000114440918,12.6899995803833,9.403762817382812,177319400,2017,2,23
2017-02-16,12.609999656677246,12.770000457763672,12.420000076293944,12.670000076293944,9.388940811157228,103247600,2017,2,16
2017-02-09,12.380000114440918,12.699999809265137,12.350000381469728,12.630000114440918,9.359299659729004,143865200,2017,2,9
2017-02-02,12.300000190734863,12.619999885559082,12.229999542236328,12.380000114440918,9.174039840698242,153523300,2017,2,2
2017-01-26,12.649999618530272,12.68000030517578,12.1899995803833,12.31999969482422,9.129579544067385,220912200,2017,1,26
2017-01-19,12.399999618530272,12.800000190734863,12.220000267028809,12.789999961853027,9.477866172790527,172449300,2017,1,19
2017-01-12,12.65999984741211,12.729999542236328,12.300000190734863,12.40999984741211,9.05041790008545,148590700,2017,1,12
2017-01-05,13.210000038146973,13.220000267028809,12.510000228881836,12.670000076293944,9.240030288696287,263804900,2017,1,5
2016-12-29,12.25,13.270000457763672,12.079999923706056,13.170000076293944,9.6046724319458,165373700,2016,12,29
2016-12-22,12.630000114440918,12.640000343322754,12.220000267028809,12.25,8.933731079101562,89785100,2016,12,22
2016-12-15,12.539999961853027,12.81999969482422,12.520000457763672,12.640000343322754,9.218152046203612,110910800,2016,12,15
2016-12-08,13.06999969482422,13.199999809265137,12.5,12.529999732971191,9.13792896270752,208703000,2016,12,8
2016-12-01,12.229999542236328,13.149999618530272,12.149999618530272,13.0600004196167,9.524450302124023,252577700,2016,12,1
2016-11-24,11.949999809265137,12.140000343322754,11.869999885559082,11.960000038146973,8.722237586975098,107183800,2016,11,24
2016-11-17,11.899999618530272,12.0,11.729999542236328,11.899999618530272,8.67848014831543,135361800,2016,11,17
2016-11-10,11.579999923706056,12.5,11.579999923706056,12.0,8.751410484313965,244819700,2016,11,10
2016-11-03,11.390000343322754,11.630000114440918,11.06999969482422,11.579999923706056,8.445110321044922,177648200,2016,11,3
2016-10-27,11.8100004196167,11.850000381469728,11.359999656677246,11.399999618530272,8.313837051391602,189285800,2016,10,27
2016-10-20,12.020000457763672,12.199999809265137,11.760000228881836,11.880000114440918,8.557283401489258,154919700,2016,10,20
2016-10-13,11.90999984741211,12.050000190734863,11.6899995803833,12.010000228881836,8.650924682617188,151560200,2016,10,13
2016-10-06,12.43000030517578,12.510000228881836,11.90999984741211,11.960000038146973,8.614910125732422,133606000,2016,10,6
2016-09-29,12.029999732971191,12.529999732971191,11.949999809265137,12.479999542236328,8.989470481872559,158462100,2016,9,29
2016-09-22,12.170000076293944,12.289999961853027,11.93000030517578,12.09000015258789,8.708549499511719,140195600,2016,9,22
2016-09-15,12.140000343322754,12.329999923706056,11.960000038146973,12.09000015258789,8.708549499511719,195537300,2016,9,15
2016-09-08,12.5,12.770000457763672,12.109999656677246,12.140000343322754,8.744564056396484,231441400,2016,9,8
2016-09-01,12.65999984741211,12.75,12.350000381469728,12.699999809265137,9.14793872833252,120568200,2016,9,1
2016-08-25,12.300000190734863,12.609999656677246,12.210000038146973,12.600000381469728,9.075908660888672,141673800,2016,8,25
2016-08-18,12.329999923706056,12.4399995803833,12.25,12.300000190734863,8.859813690185547,122613000,2016,8,18
2016-08-11,12.3100004196167,12.4399995803833,12.229999542236328,12.390000343322754,8.924644470214844,104059900,2016,8,11
2016-08-04,12.119999885559082,12.380000114440918,12.050000190734863,12.25,8.823799133300781,157626900,2016,8,4
2016-07-28,12.779999732971191,12.880000114440918,11.899999618530272,12.130000114440918,8.7373628616333,402834000,2016,7,28
2016-07-21,13.869999885559082,14.039999961853027,13.6899995803833,13.84000015258789,9.860966682434082,155049700,2016,7,21
2016-07-14,13.56999969482422,13.779999732971191,13.420000076293944,13.739999771118164,9.789717674255373,122667400,2016,7,14
2016-07-07,12.56999969482422,13.539999961853027,12.56999969482422,13.479999542236328,9.60446834564209,166144400,2016,7,7
2016-06-30,12.5600004196167,12.890000343322754,12.210000038146973,12.56999969482422,8.956096649169922,155386100,2016,6,30
2016-06-23,13.289999961853027,13.40999984741211,12.0,12.550000190734863,8.94184684753418,246777100,2016,6,23
2016-06-16,12.93000030517578,13.550000190734863,12.850000381469728,13.18000030517578,9.390719413757324,151001200,2016,6,16
2016-06-09,13.260000228881836,13.300000190734863,12.760000228881836,13.010000228881836,9.269594192504885,124378000,2016,6,9
2016-06-02,13.09000015258789,13.489999771118164,12.899999618530272,13.359999656677246,9.518969535827637,152795700,2016,6,2
2016-05-26,13.59000015258789,13.68000030517578,12.970000267028809,13.109999656677246,9.340846061706545,119948800,2016,5,26
2016-05-19,13.100000381469728,13.600000381469728,13.020000457763672,13.520000457763672,9.632967948913574,105727000,2016,5,19
2016-05-12,13.399999618530272,13.520000457763672,13.050000190734863,13.15999984741211,9.376468658447266,131203900,2016,5,12
2016-05-05,13.350000381469728,13.539999961853027,13.220000267028809,13.31999969482422,9.49046802520752,112537600,2016,5,5
2016-04-28,13.789999961853027,14.220000267028809,13.140000343322754,13.3100004196167,9.483344078063965,289728300,2016,4,28
2016-04-21,13.8100004196167,13.880000114440918,13.470000267028809,13.65999984741211,9.626542091369627,148833000,2016,4,21
2016-04-14,13.09000015258789,13.720000267028809,12.850000381469728,13.640000343322754,9.612448692321776,136584800,2016,4,14
2016-04-07,12.770000457763672,13.119999885559082,12.390000343322754,13.0600004196167,9.203709602355955,138196300,2016,4,7
2016-03-31,13.34000015258789,13.520000457763672,12.520000457763672,12.81999969482422,9.034573554992676,188286100,2016,3,31
2016-03-24,13.109999656677246,13.4399995803833,12.779999732971191,13.350000381469728,9.40807819366455,106287300,2016,3,24
2016-03-17,13.470000267028809,13.760000228881836,13.1899995803833,13.260000228881836,9.344654083251951,142292800,2016,3,17
2016-03-10,13.25,13.510000228881836,12.920000076293944,13.5,9.513788223266602,162034000,2016,3,10
2016-03-03,13.25,13.859999656677246,13.010000228881836,13.1899995803833,9.295323371887209,171391300,2016,3,3
2016-02-25,12.109999656677246,13.350000381469728,12.050000190734863,13.220000267028809,9.316463470458984,203374800,2016,2,25
2016-02-18,12.399999618530272,12.649999618530272,11.600000381469728,12.079999923706056,8.513076782226562,179558800,2016,2,18
2016-02-11,11.170000076293944,12.300000190734863,11.100000381469728,12.270000457763672,8.646976470947266,152724800,2016,2,11
2016-02-04,11.369999885559082,11.699999809265137,11.220000267028809,11.34000015258789,7.991581916809082,205936900,2016,2,4
2016-01-28,12.029999732971191,12.140000343322754,11.020000457763672,11.460000038146973,8.076147079467773,290242200,2016,1,28
2016-01-21,12.010000228881836,12.359999656677246,11.729999542236328,11.850000381469728,8.07852840423584,278152200,2016,1,21
2016-01-14,12.1899995803833,12.3100004196167,11.470000267028809,11.899999618530272,8.112613677978516,232990200,2016,1,14
2016-01-07,12.899999618530272,13.100000381469728,12.0600004196167,12.199999809265137,8.317133903503418,298473600,2016,1,7
2015-12-31,14.140000343322754,14.15999984741211,13.050000190734863,13.109999656677246,8.937511444091797,170052500,2015,12,31
2015-12-24,14.350000381469728,14.369999885559082,14.119999885559082,14.170000076293944,9.660147666931152,55365700,2015,12,24
2015-12-17,14.369999885559082,14.380000114440918,13.670000076293944,14.359999656677246,9.789676666259766,171049700,2015,12,17
2015-12-10,13.90999984741211,14.359999656677246,13.399999618530272,14.359999656677246,9.789676666259766,162853200,2015,12,10
2015-12-03,14.3100004196167,14.34000015258789,13.800000190734863,13.890000343322754,9.469261169433594,128285800,2015,12,3
2015-11-26,14.539999961853027,14.619999885559082,14.239999771118164,14.260000228881836,9.721502304077148,86161200,2015,11,26
2015-11-19,14.449999809265137,14.760000228881836,14.31999969482422,14.550000190734863,9.919204711914062,94652700,2015,11,19
2015-11-12,14.210000038146973,14.5,13.850000381469728,14.460000038146973,9.857847213745115,119841400,2015,11,12
2015-11-05,14.699999809265137,14.710000038146973,14.140000343322754,14.3100004196167,9.755589485168455,110311000,2015,11,5
2015-10-29,14.9399995803833,14.960000038146973,14.609999656677246,14.649999618530272,9.987377166748049,144813900,2015,10,29
2015-10-22,15.489999771118164,15.84000015258789,14.670000076293944,14.970000267028809,10.102724075317385,189204500,2015,10,22
2015-10-15,15.199999809265137,15.6899995803833,14.989999771118164,15.40999984741211,10.399662971496582,133034700,2015,10,15
2015-10-08,14.720000267028809,15.100000381469728,14.68000030517578,15.010000228881836,10.129717826843262,122513200,2015,10,8
2015-10-01,13.760000228881836,14.75,13.420000076293944,14.75,9.954251289367676,162471300,2015,10,1
2015-09-24,13.56999969482422,13.869999885559082,13.010000228881836,13.56999969482422,9.15791130065918,194176800,2015,9,24
2015-09-17,14.609999656677246,14.880000114440918,13.510000228881836,13.68000030517578,9.232147216796877,174864700,2015,9,17
2015-09-10,13.520000457763672,14.760000228881836,13.350000381469728,14.640000343322754,9.880019187927246,175936000,2015,9,10
2015-09-03,13.9399995803833,14.06999969482422,13.399999618530272,13.529999732971191,9.1309175491333,119575200,2015,9,3
2015-08-27,13.460000038146973,14.149999618530272,13.229999542236328,13.869999885559082,9.360370635986328,186062900,2015,8,27
2015-08-20,14.710000038146973,14.710000038146973,10.4399995803833,13.210000038146973,8.914961814880371,222357500,2015,8,20
2015-08-13,14.640000343322754,14.979999542236328,14.56999969482422,14.770000457763672,9.96774959564209,94363600,2015,8,13
2015-08-06,14.800000190734863,15.0,14.369999885559082,14.68000030517578,9.907012939453123,105730800,2015,8,6
2015-07-30,15.210000038146973,15.300000190734863,14.720000267028809,14.800000190734863,9.987995147705078,135672000,2015,7,30
2015-07-23,14.75,15.300000190734863,14.229999542236328,15.210000038146973,10.160866737365724,207872400,2015,7,23
2015-07-16,14.739999771118164,14.789999961853027,14.350000381469728,14.420000076293944,9.633116722106934,141329500,2015,7,16
2015-07-09,14.600000381469728,14.859999656677246,14.270000457763672,14.75,9.853567123413086,112341100,2015,7,9
2015-07-02,15.010000228881836,15.079999923706056,14.270000457763672,14.369999885559082,9.599716186523438,111522000,2015,7,2
2015-06-25,15.520000457763672,15.5600004196167,14.800000190734863,14.989999771118164,10.013897895812988,142793800,2015,6,25
2015-06-18,15.029999732971191,15.65999984741211,15.0,15.5,10.354597091674805,121478200,2015,6,18
2015-06-11,15.109999656677246,15.350000381469728,14.859999656677246,15.020000457763672,10.033939361572266,120061400,2015,6,11
2015-06-04,15.130000114440918,15.170000076293944,14.779999732971191,15.029999732971191,10.040620803833008,139821700,2015,6,4
2015-05-28,15.279999732971191,15.5,15.119999885559082,15.199999809265137,10.154186248779297,118991000,2015,5,28
2015-05-21,15.279999732971191,15.550000190734863,15.149999618530272,15.31999969482422,10.234350204467772,92524600,2015,5,21
2015-05-14,15.5,15.640000343322754,15.199999809265137,15.300000190734863,10.220992088317873,104761100,2015,5,14
2015-05-07,15.460000038146973,15.84000015258789,15.140000343322754,15.40999984741211,10.294475555419922,104143600,2015,5,7
2015-04-30,15.970000267028809,16.040000915527344,15.399999618530272,15.479999542236328,10.341238975524902,124580300,2015,4,30
2015-04-23,15.84000015258789,16.100000381469727,15.699999809265137,16.020000457763672,10.60202407836914,175337300,2015,4,23
2015-04-16,16.040000915527344,16.09000015258789,15.710000038146973,15.90999984741211,10.52922534942627,109715800,2015,4,16
2015-04-09,16.0,16.079999923706055,15.869999885559082,16.06999969482422,10.635112762451172,110890100,2015,4,9
2015-04-02,15.93000030517578,16.110000610351562,15.779999732971191,15.979999542236328,10.575550079345703,86211200,2015,4,2
2015-03-26,16.110000610351562,16.290000915527344,15.850000381469728,15.90999984741211,10.52922534942627,156294400,2015,3,26
2015-03-19,16.420000076293945,16.739999771118164,16.18000030517578,16.18000030517578,10.70790958404541,129485300,2015,3,19
2015-03-12,15.880000114440918,16.510000228881836,15.859999656677246,16.459999084472656,10.893211364746094,151447300,2015,3,12
2015-03-05,16.09000015258789,16.229999542236328,15.6899995803833,15.75,10.423336029052734,110427500,2015,3,5
2015-02-26,16.399999618530273,16.59000015258789,15.93000030517578,16.030000686645508,10.608640670776367,130826500,2015,2,26
2015-02-19,16.190000534057617,16.6200008392334,16.170000076293945,16.510000228881836,10.926305770874023,106397000,2015,2,19
2015-02-12,16.34000015258789,16.450000762939453,16.0,16.209999084472656,10.727765083312988,110868400,2015,2,12
2015-02-05,16.010000228881836,16.309999465942383,15.720000267028809,16.25,10.754236221313477,136401400,2015,2,5
2015-01-29,14.619999885559082,16.020000457763672,14.300000190734863,15.869999885559082,10.502753257751465,201057500,2015,1,29
2015-01-22,15.010000228881836,15.149999618530272,14.420000076293944,14.460000038146973,9.472951889038086,145715900,2015,1,22
2015-01-15,15.119999885559082,15.15999984741211,14.75,14.970000267028809,9.807061195373535,108906400,2015,1,15
2015-01-08,15.399999618530272,15.479999542236328,14.829999923706056,15.109999656677246,9.89877700805664,143192700,2015,1,8
2015-01-01,15.59000015258789,15.649999618530272,14.380000114440918,15.039999961853027,9.85291862487793,127904500,2015,1,1
2014-12-25,15.300000190734863,15.68000030517578,15.260000228881836,15.5,10.154272079467772,63529100,2014,12,25
2014-12-18,14.699999809265137,15.449999809265137,14.510000228881836,15.300000190734863,10.023249626159668,129710300,2014,12,18
2014-12-11,15.170000076293944,15.489999771118164,13.93000030517578,14.449999809265137,9.466401100158691,173903700,2014,12,11
2014-12-04,16.0,16.030000686645508,14.75,15.15999984741211,9.93153476715088,126482300,2014,12,4
2014-11-27,15.649999618530272,16.1299991607666,15.470000267028809,16.010000228881836,10.488380432128906,118516400,2014,11,27
2014-11-20,15.369999885559082,15.84000015258789,15.279999732971191,15.609999656677246,10.226333618164062,131827400,2014,11,20
2014-11-13,14.710000038146973,15.75,14.699999809265137,15.4399995803833,10.114964485168455,200184100,2014,11,13
2014-11-06,13.920000076293944,14.630000114440918,13.920000076293944,14.579999923706056,9.55156707763672,174666400,2014,11,6
2014-10-30,13.880000114440918,14.170000076293944,13.68000030517578,13.9399995803833,9.13229274749756,140143000,2014,10,30
2014-10-23,14.300000190734863,14.489999771118164,13.649999618530272,13.90999984741211,9.032197952270508,251920300,2014,10,23
2014-10-16,13.390000343322754,14.329999923706056,13.359999656677246,14.130000114440918,9.175048828125,146108100,2014,10,16
2014-10-09,14.210000038146973,14.220000267028809,13.260000228881836,13.619999885559082,8.843889236450195,200429600,2014,10,9
2014-10-02,14.65999984741211,14.699999809265137,13.619999885559082,14.210000038146973,9.226995468139648,193103600,2014,10,2
2014-09-25,16.399999618530273,16.399999618530273,14.489999771118164,14.59000015258789,9.473739624023438,293430700,2014,9,25
2014-09-18,16.540000915527344,16.770000457763672,16.139999389648438,16.40999984741211,10.655526161193848,128566900,2014,9,18
2014-09-11,16.59000015258789,16.700000762939453,16.15999984741211,16.530000686645508,10.73344612121582,103959500,2014,9,11
2014-09-04,17.459999084472656,17.6299991607666,16.59000015258789,16.6299991607666,10.798375129699709,141401700,2014,9,4
2014-08-28,17.270000457763672,17.8700008392334,17.209999084472656,17.469999313354492,11.3438138961792,76490600,2014,8,28
2014-08-21,17.43000030517578,17.489999771118164,17.149999618530273,17.360000610351562,11.27238655090332,76504700,2014,8,21
2014-08-14,17.399999618530273,17.520000457763672,17.170000076293945,17.40999984741211,11.304854393005373,87970500,2014,8,14
2014-08-07,17.040000915527344,17.479999542236328,16.75,17.420000076293945,11.31134796142578,118875600,2014,8,7
2014-07-31,17.299999237060547,17.329999923706055,16.719999313354492,16.979999542236328,11.025641441345217,139436300,2014,7,31
2014-07-24,18.010000228881836,18.1200008392334,17.31999969482422,17.459999084472656,11.256661415100098,181142400,2014,7,24
2014-07-17,17.65999984741211,18.07999992370605,17.639999389648438,17.780000686645508,11.462969779968262,146802400,2014,7,17
2014-07-10,17.200000762939453,17.8700008392334,17.170000076293945,17.799999237060547,11.475866317749023,119450900,2014,7,10
2014-07-03,17.229999542236328,17.450000762939453,17.049999237060547,17.43000030517578,11.23732089996338,84213200,2014,7,3
2014-06-26,17.270000457763672,17.399999618530273,17.049999237060547,17.219999313354492,11.10193157196045,130851000,2014,6,26
2014-06-19,16.8700008392334,17.260000228881836,16.649999618530273,17.200000762939453,11.089037895202637,145027500,2014,6,19
2014-06-12,16.889999389648438,16.93000030517578,16.3799991607666,16.829999923706055,10.85049819946289,111798700,2014,6,12
2014-06-05,16.81999969482422,17.1200008392334,16.600000381469727,16.899999618530273,10.895624160766602,139941800,2014,6,5
2014-05-29,16.399999618530273,16.850000381469727,16.3700008392334,16.790000915527344,10.824707984924316,150152500,2014,5,29
2014-05-22,15.850000381469728,16.360000610351562,15.850000381469728,16.309999465942383,10.515243530273438,86124200,2014,5,22
2014-05-15,15.739999771118164,15.979999542236328,15.550000190734863,15.90999984741211,10.257359504699709,108410400,2014,5,15
2014-05-08,15.539999961853027,15.949999809265137,15.510000228881836,15.75,10.154208183288574,111004600,2014,5,8
2014-05-01,16.149999618530273,16.200000762939453,15.43000030517578,15.460000038146973,9.967240333557127,133486400,2014,5,1
2014-04-24,16.40999984741211,16.440000534057617,15.710000038146973,16.149999618530273,10.331350326538086,168046200,2014,4,24
2014-04-17,15.989999771118164,16.31999969482422,15.899999618530272,16.229999542236328,10.382528305053713,81295200,2014,4,17
2014-04-10,15.899999618530272,16.06999969482422,15.529999732971191,16.06999969482422,10.280176162719728,141526800,2014,4,10
2014-04-03,16.459999084472656,16.489999771118164,15.75,15.84000015258789,10.133041381835938,148465300,2014,4,3
2014-03-27,15.25,16.489999771118164,15.170000076293944,16.459999084472656,10.529662132263184,216780400,2014,3,27
2014-03-20,15.449999809265137,15.739999771118164,15.229999542236328,15.25,9.75561237335205,129016000,2014,3,20
2014-03-13,15.460000038146973,15.56999969482422,15.0600004196167,15.479999542236328,9.902746200561523,140915000,2014,3,13
2014-03-06,15.720000267028809,15.829999923706056,15.149999618530272,15.399999618530272,9.851567268371582,146657600,2014,3,6
2014-02-27,15.220000267028809,15.670000076293944,15.029999732971191,15.630000114440918,9.998701095581056,170267200,2014,2,27
2014-02-20,15.270000457763672,15.460000038146973,15.06999969482422,15.260000228881836,9.762008666992188,142111400,2014,2,20
2014-02-13,14.899999618530272,15.489999771118164,14.880000114440918,15.25,9.75561237335205,119721400,2014,2,13
2014-02-06,14.56999969482422,15.130000114440918,14.529999732971191,15.0,9.595683097839355,196156800,2014,2,6
2014-01-30,15.43000030517578,15.449999809265137,14.399999618530272,14.729999542236328,9.422961235046388,290077900,2014,1,30
2014-01-23,16.489999771118164,16.530000686645508,15.199999809265137,15.260000228881836,9.684383392333984,265022000,2014,1,23
2014-01-16,16.670000076293945,16.780000686645508,16.360000610351562,16.549999237060547,10.503050804138184,139902000,2014,1,16
2014-01-09,15.829999923706056,16.729999542236328,15.770000457763672,16.700000762939453,10.598244667053224,278544300,2014,1,9
2014-01-02,15.420000076293944,15.760000228881836,15.279999732971191,15.539999961853027,9.862078666687012,223233000,2014,1,2
2013-12-26,15.229999542236328,15.43000030517578,15.220000267028809,15.43000030517578,9.792272567749023,107469800,2013,12,26
2013-12-19,15.460000038146973,15.5,15.100000381469728,15.1899995803833,9.639959335327148,228008200,2013,12,19
2013-12-12,16.360000610351562,16.989999771118164,15.170000076293944,15.649999618530272,9.931885719299316,378401500,2013,12,12
2013-12-05,16.65999984741211,16.950000762939453,16.329999923706055,16.40999984741211,10.414202690124512,180790400,2013,12,5
2013-11-28,17.059999465942383,17.200000762939453,16.420000076293945,16.6200008392334,10.547475814819336,157639400,2013,11,28
2013-11-21,17.010000228881836,17.149999618530273,16.809999465942383,17.030000686645508,10.807677268981934,145956900,2013,11,21
2013-11-14,17.1200008392334,17.200000762939453,16.81999969482422,16.920000076293945,10.73786163330078,157811400,2013,11,14
2013-11-07,16.90999984741211,17.139999389648438,16.530000686645508,17.100000381469727,10.852094650268556,186667700,2013,11,7
2013-10-31,17.290000915527344,17.329999923706055,16.760000228881836,16.90999984741211,10.731517791748049,205780300,2013,10,31
2013-10-24,18.010000228881836,18.020000457763672,17.25,17.34000015258789,10.941912651062012,233071200,2013,10,24
2013-10-17,17.239999771118164,17.709999084472656,17.239999771118164,17.520000457763672,11.055500984191896,147793900,2013,10,17
2013-10-10,16.8700008392334,17.290000915527344,16.829999923706055,17.290000915527344,10.91036605834961,181391900,2013,10,10
2013-10-03,17.110000610351562,17.170000076293945,16.350000381469727,16.6200008392334,10.487581253051758,188289500,2013,10,3
2013-09-26,17.260000228881836,17.3799991607666,16.690000534057617,17.209999084472656,10.85988426208496,174239100,2013,9,26
2013-09-19,17.75,17.770000457763672,16.979999542236328,17.190000534057617,10.84726333618164,186787400,2013,9,19
2013-09-12,17.549999237060547,17.770000457763672,17.280000686645508,17.6299991607666,11.124913215637209,143695200,2013,9,12
2013-09-05,17.100000381469727,17.68000030517578,16.81999969482422,17.540000915527344,11.068117141723633,234967600,2013,9,5
2013-08-29,16.209999084472656,17.020000457763672,16.1200008392334,16.90999984741211,10.670576095581056,190997100,2013,8,29
2013-08-22,16.290000915527344,16.6200008392334,15.710000038146973,16.020000457763672,10.108968734741213,143837000,2013,8,22
2013-08-15,16.709999084472656,16.729999542236328,15.81999969482422,16.25,10.254098892211914,191922100,2013,8,15
2013-08-08,16.940000534057617,17.209999084472656,16.850000381469727,16.889999389648438,10.657957077026367,127049800,2013,8,8
2013-08-01,17.040000915527344,17.5,16.719999313354492,16.770000457763672,10.582235336303713,187638300,2013,8,1
2013-07-25,17.260000228881836,17.270000457763672,16.84000015258789,16.8799991607666,10.58928108215332,177725100,2013,7,25
2013-07-18,16.81999969482422,17.68000030517578,16.649999618530273,17.3700008392334,10.896672248840332,196569900,2013,7,18
2013-07-11,16.950000762939453,17.290000915527344,16.40999984741211,16.780000686645508,10.52655029296875,179733500,2013,7,11
2013-07-04,16.530000686645508,16.940000534057617,16.479999542236328,16.719999313354492,10.488910675048828,158673100,2013,7,4
2013-06-27,15.43000030517578,16.450000762939453,15.390000343322754,16.43000030517578,10.306986808776855,225296400,2013,6,27
2013-06-20,15.1899995803833,15.3100004196167,14.300000190734863,15.289999961853027,9.59183406829834,237757000,2013,6,20
2013-06-13,15.3100004196167,15.720000267028809,15.18000030517578,15.31999969482422,9.610652923583984,154801200,2013,6,13
2013-06-06,15.25,15.899999618530272,15.0600004196167,15.369999885559082,9.64202117919922,193076000,2013,6,6
2013-05-30,15.760000228881836,16.09000015258789,15.18000030517578,15.25,9.566739082336426,288076200,2013,5,30
2013-05-23,14.5,15.720000267028809,14.369999885559082,15.630000114440918,9.805120468139648,198833700,2013,5,23
2013-05-16,14.770000457763672,15.31999969482422,14.600000381469728,14.970000267028809,9.391087532043455,264222300,2013,5,16
2013-05-09,14.1899995803833,14.770000457763672,13.920000076293944,14.670000076293944,9.202888488769531,173484300,2013,5,9
2013-05-02,13.539999961853027,14.25,13.380000114440918,14.210000038146973,8.914318084716797,209142900,2013,5,2
2013-04-25,13.399999618530272,13.779999732971191,13.350000381469728,13.380000114440918,8.332412719726562,170693700,2013,4,25
2013-04-18,12.9399995803833,13.539999961853027,12.649999618530272,13.329999923706056,8.301276206970215,174040400,2013,4,18
2013-04-11,13.149999618530272,13.579999923706056,12.800000190734863,12.93000030517578,8.052175521850586,226256000,2013,4,11
2013-04-04,12.68000030517578,13.130000114440918,12.149999618530272,13.119999885559082,8.170498847961426,157209800,2013,4,4
2013-03-28,13.239999771118164,13.239999771118164,12.59000015258789,12.68000030517578,7.89648962020874,138812200,2013,3,28
2013-03-21,13.25,13.420000076293944,13.100000381469728,13.220000267028809,8.232773780822754,128879500,2013,3,21
2013-03-14,13.43000030517578,13.449999809265137,12.800000190734863,13.359999656677246,8.31995677947998,201822300,2013,3,14
2013-03-07,12.890000343322754,13.470000267028809,12.770000457763672,13.399999618530272,8.344870567321777,173630200,2013,3,7
2013-02-28,12.779999732971191,13.0,12.380000114440918,12.890000343322754,8.027266502380371,156619200,2013,2,28
2013-02-21,12.510000228881836,12.850000381469728,12.100000381469728,12.760000228881836,7.946309566497803,186958600,2013,2,21
2013-02-14,13.0,13.170000076293944,12.56999969482422,12.600000381469728,7.846668720245361,147379400,2013,2,14
2013-02-07,13.260000228881836,13.3100004196167,12.989999771118164,13.039999961853027,8.120677947998047,121036600,2013,2,7
2013-01-31,12.859999656677246,13.270000457763672,12.670000076293944,13.199999809265137,8.220320701599121,216405600,2013,1,31
2013-01-24,13.81999969482422,13.979999542236328,12.890000343322754,12.93000030517578,7.993314743041992,337869800,2013,1,24
2013-01-17,14.270000457763672,14.300000190734863,13.789999961853027,13.880000114440918,8.580605506896973,183605500,2013,1,17
2013-01-10,13.779999732971191,14.300000190734863,13.68000030517578,14.220000267028809,8.790793418884277,305628700,2013,1,10
2013-01-03,13.239999771118164,13.699999809265137,13.050000190734863,13.470000267028809,8.327142715454102,302747100,2013,1,3
2012-12-27,12.789999961853027,13.279999732971191,12.359999656677246,13.199999809265137,8.16023063659668,386167300,2012,12,27
2012-12-20,11.739999771118164,12.789999961853027,11.470000267028809,12.789999961853027,7.906768798828125,374306200,2012,12,20
2012-12-13,11.460000038146973,11.850000381469728,11.029999732971191,11.729999542236328,7.25147819519043,236055100,2012,12,13
2012-12-06,11.260000228881836,11.579999923706056,11.1899995803833,11.470000267028809,7.09074592590332,162922300,2012,12,6
2012-11-29,11.31999969482422,11.699999809265137,11.18000030517578,11.3100004196167,6.9918317794799805,217277800,2012,11,29
2012-11-22,10.979999542236328,11.270000457763672,10.960000038146973,11.25,6.9547438621521,118970800,2012,11,22
2012-11-15,10.56999969482422,11.020000457763672,10.380000114440918,10.920000076293944,6.750736236572266,189506600,2012,11,15
2012-11-08,11.06999969482422,11.229999542236328,10.619999885559082,10.670000076293944,6.596183776855469,191383100,2012,11,8
2012-11-01,11.1899995803833,11.59000015258789,10.880000114440918,11.0600004196167,6.837283134460449,288071200,2012,11,1
2012-10-25,10.420000076293944,11.170000076293944,10.220000267028809,11.15999984741211,6.865805149078369,240737300,2012,10,25
2012-10-18,10.359999656677246,10.56999969482422,9.970000267028809,10.170000076293944,6.25674295425415,205500700,2012,10,18
2012-10-11,10.0600004196167,10.40999984741211,10.050000190734863,10.40999984741211,6.404395580291748,152038400,2012,10,11
2012-10-04,10.0600004196167,10.279999732971191,9.949999809265137,9.979999542236328,6.139851093292236,185210600,2012,10,4
2012-09-27,10.130000114440918,10.18000030517578,9.710000038146973,9.9399995803833,6.115242958068848,218426600,2012,9,27
2012-09-20,10.479999542236328,10.539999961853027,9.859999656677246,10.010000228881836,6.158308982849121,174001700,2012,9,20
2012-09-13,10.199999809265137,10.65999984741211,10.119999885559082,10.59000015258789,6.515134334564209,216116700,2012,9,13
2012-09-06,9.65999984741211,10.300000190734863,9.65999984741211,10.210000038146973,6.281349182128906,228206500,2012,9,6
2012-08-30,9.300000190734863,9.619999885559082,9.25,9.56999969482422,5.887612342834473,123062400,2012,8,30
2012-08-23,9.449999809265137,9.539999961853027,9.289999961853027,9.31999969482422,5.733809947967529,115066600,2012,8,23
2012-08-16,9.5,9.699999809265137,9.399999618530272,9.489999771118164,5.83839750289917,161028000,2012,8,16
2012-08-09,9.3100004196167,9.65999984741211,9.229999542236328,9.489999771118164,5.83839750289917,114088400,2012,8,9
2012-08-02,8.989999771118164,9.390000343322754,8.819999694824219,9.350000381469728,5.752265453338623,173981800,2012,8,2
2012-07-26,9.050000190734863,9.420000076293944,8.829999923706055,9.039999961853027,5.531454563140869,268077900,2012,7,26
2012-07-19,9.449999809265137,9.5,8.90999984741211,8.970000267028809,5.488620758056641,193214500,2012,7,19
2012-07-12,9.260000228881836,9.520000457763672,9.119999885559082,9.380000114440918,5.739495754241943,174717500,2012,7,12
2012-07-05,9.670000076293944,9.739999771118164,9.260000228881836,9.329999923706056,5.708901405334473,165126200,2012,7,5
2012-06-28,9.93000030517578,10.09000015258789,9.300000190734863,9.600000381469728,5.874111652374268,289804900,2012,6,28
2012-06-21,10.649999618530272,10.68000030517578,9.949999809265137,10.020000457763672,6.131101131439209,205938500,2012,6,21
2012-06-14,10.270000457763672,10.739999771118164,10.210000038146973,10.649999618530272,6.516590595245361,182300800,2012,6,14
2012-06-07,10.729999542236328,10.800000190734863,10.220000267028809,10.300000190734863,6.302433013916016,176984100,2012,6,7
2012-05-31,10.619999885559082,10.68000030517578,9.90999984741211,10.56999969482422,6.467639446258545,268623800,2012,5,31
2012-05-24,10.5,10.880000114440918,10.380000114440918,10.65999984741211,6.522710800170898,164117600,2012,5,24
2012-05-17,10.15999984741211,10.449999809265137,9.960000038146973,10.40999984741211,6.369739532470703,258299300,2012,5,17
2012-05-10,10.829999923706056,10.859999656677246,10.100000381469728,10.15999984741211,6.216766834259033,215520400,2012,5,10
2012-05-03,11.130000114440918,11.149999618530272,10.399999618530272,10.6899995803833,6.5410661697387695,227417700,2012,5,3
2012-04-26,11.710000038146973,12.039999961853027,11.0,11.100000381469728,6.762665748596191,262648000,2012,4,26
2012-04-19,11.8100004196167,11.880000114440918,11.149999618530272,11.729999542236328,7.146492958068848,215870000,2012,4,19
2012-04-12,11.9399995803833,12.130000114440918,11.720000267028809,11.789999961853027,7.183047294616699,166862500,2012,4,12
2012-04-05,12.380000114440918,12.579999923706056,11.649999618530272,11.90999984741211,7.256157875061035,192549500,2012,4,5
2012-03-29,12.329999923706056,12.949999809265137,12.239999771118164,12.510000228881836,7.621706962585449,279926800,2012,3,29
2012-03-22,12.479999542236328,12.609999656677246,12.18000030517578,12.31999969482422,7.505947589874268,197686700,2012,3,22
2012-03-15,12.899999618530272,13.039999961853027,12.390000343322754,12.56999969482422,7.658259868621826,252587700,2012,3,15
2012-03-08,12.40999984741211,12.899999618530272,12.31999969482422,12.880000114440918,7.847126483917236,193896200,2012,3,8
2012-03-01,12.479999542236328,12.9399995803833,12.0,12.239999771118164,7.457210063934326,231574600,2012,3,1
2012-02-23,12.270000457763672,12.550000190734863,11.989999771118164,12.380000114440918,7.542502403259277,199733000,2012,2,23
2012-02-16,12.380000114440918,12.880000114440918,12.220000267028809,12.279999732971191,7.481578350067139,161678200,2012,2,16
2012-02-09,12.890000343322754,12.899999618530272,12.329999923706056,12.380000114440918,7.542502403259277,217073100,2012,2,9
2012-02-02,12.399999618530272,13.0,12.199999809265137,12.84000015258789,7.82275915145874,248328100,2012,2,2
2012-01-26,13.029999732971191,13.050000190734863,11.789999961853027,12.329999923706056,7.482675552368164,393459700,2012,1,26
2012-01-19,12.479999542236328,12.979999542236328,12.43000030517578,12.93000030517578,7.846794128417969,263769600,2012,1,19
2012-01-12,12.15999984741211,12.369999885559082,11.84000015258789,12.34000015258789,7.488742828369141,186555500,2012,1,12
2012-01-05,11.329999923706056,12.18000030517578,11.239999771118164,12.06999969482422,7.32489013671875,367256300,2012,1,5
2011-12-29,10.5600004196167,11.529999732971191,10.5,11.300000190734863,6.857600212097168,186567900,2011,12,29
2011-12-22,10.779999732971191,11.0,10.43000030517578,10.520000457763672,6.384241580963135,129826000,2011,12,22
2011-12-15,10.3100004196167,10.739999771118164,9.989999771118164,10.65999984741211,6.469206809997559,239104900,2011,12,15
2011-12-08,10.960000038146973,11.109999656677246,9.84000015258789,10.149999618530272,6.159703254699707,292786300,2011,12,8
2011-12-01,10.510000228881836,11.420000076293944,10.40999984741211,11.079999923706056,6.724091053009033,279529200,2011,12,1
2011-11-24,9.8100004196167,10.600000381469728,9.75,10.600000381469728,6.43279504776001,185437900,2011,11,24
2011-11-17,10.539999961853027,10.5600004196167,9.800000190734863,9.829999923706056,5.965505599975586,263691900,2011,11,17
2011-11-10,11.170000076293944,11.1899995803833,10.5,10.5600004196167,6.408519268035889,206931900,2011,11,10
2011-11-03,11.289999961853027,11.68000030517578,10.979999542236328,11.039999961853027,6.699817180633545,273779000,2011,11,3
2011-10-27,12.289999961853027,12.289999961853027,11.029999732971191,11.149999618530272,6.766568660736084,395625100,2011,10,27
2011-10-20,11.65999984741211,12.649999618530272,11.470000267028809,11.869999885559082,7.20351505279541,454496300,2011,10,20
2011-10-13,11.390000343322754,11.93000030517578,11.039999961853027,11.5600004196167,7.015388011932373,304586900,2011,10,13
2011-10-06,10.609999656677246,11.800000190734863,10.5600004196167,11.380000114440918,6.906150817871094,375997600,2011,10,6
2011-09-29,10.140000343322754,10.59000015258789,9.050000190734863,10.5600004196167,6.408519268035889,382378200,2011,9,29
2011-09-22,9.789999961853027,10.350000381469728,9.31999969482422,9.93000030517578,6.026192665100098,349608400,2011,9,22
2011-09-15,10.449999809265137,10.6899995803833,9.970000267028809,9.970000267028809,6.050467014312744,242300300,2011,9,15
2011-09-08,10.489999771118164,10.640000343322754,9.850000381469728,10.31999969482422,6.262871265411377,288384300,2011,9,8
2011-09-01,11.140000343322754,11.270000457763672,10.0,10.5600004196167,6.408519268035889,236662900,2011,9,1
2011-08-25,10.529999732971191,11.300000190734863,10.0600004196167,11.119999885559082,6.748363018035889,278051300,2011,8,25
2011-08-18,10.670000076293944,10.699999809265137,9.8100004196167,10.449999809265137,6.341764450073242,352848300,2011,8,18
2011-08-11,10.479999542236328,11.449999809265137,10.43000030517578,11.109999656677246,6.742298126220703,346150100,2011,8,11
2011-08-04,11.489999771118164,11.510000228881836,9.869999885559082,10.40999984741211,6.317489147186279,791987100,2011,8,4
2011-07-28,12.399999618530272,12.8100004196167,11.359999656677246,11.649999618530272,7.070004940032959,436740600,2011,7,28
2011-07-21,13.15999984741211,13.4399995803833,12.300000190734863,12.369999885559082,7.5069475173950195,338494900,2011,7,21
2011-07-14,13.329999923706056,13.399999618530272,12.630000114440918,13.079999923706056,7.9378252029418945,240625700,2011,7,14
2011-07-07,14.130000114440918,14.220000267028809,13.119999885559082,13.270000457763672,8.05312728881836,298195100,2011,7,7
2011-06-30,13.460000038146973,14.18000030517578,13.359999656677246,13.960000038146973,8.471867561340332,233634700,2011,6,30
2011-06-23,13.119999885559082,13.600000381469728,13.0600004196167,13.420000076293944,8.144161224365234,300230100,2011,6,23
2011-06-16,13.050000190734863,13.529999732971191,12.649999618530272,13.359999656677246,8.107746124267578,334100600,2011,6,16
2011-06-09,13.739999771118164,13.869999885559082,12.779999732971191,13.149999618530272,7.980307102203369,412897500,2011,6,9
2011-06-02,14.260000228881836,14.369999885559082,13.649999618530272,13.699999809265137,8.314082145690918,320437300,2011,6,2
2011-05-26,14.510000228881836,14.920000076293944,14.199999809265137,14.229999542236328,8.635720252990723,239563600,2011,5,26
2011-05-19,15.100000381469728,15.170000076293944,14.350000381469728,14.579999923706056,8.848123550415039,270358300,2011,5,19
2011-05-12,15.140000343322754,15.34000015258789,14.81999969482422,15.119999885559082,9.175835609436035,250410500,2011,5,12
2011-05-05,14.970000267028809,15.369999885559082,14.880000114440918,15.149999618530272,9.19404125213623,245866800,2011,5,5
2011-04-28,15.470000267028809,15.699999809265137,14.970000267028809,15.149999618530272,9.19404125213623,270946700,2011,4,28
2011-04-21,15.229999542236328,16.18000030517578,15.100000381469728,15.579999923706056,9.454992294311523,359238300,2011,4,21
2011-04-14,14.739999771118164,15.199999809265137,14.489999771118164,15.09000015258789,9.157629013061523,264169300,2011,4,14
2011-04-07,15.710000038146973,15.81999969482422,14.5,14.979999542236328,9.09087371826172,329375000,2011,4,7
2011-03-31,14.81999969482422,15.979999542236328,14.710000038146973,15.729999542236328,9.546024322509766,391911600,2011,3,31
2011-03-24,14.399999618530272,15.199999809265137,14.390000343322754,14.859999656677246,9.018049240112305,302606900,2011,3,24
2011-03-17,14.5600004196167,14.720000267028809,14.020000457763672,14.3100004196167,8.684271812438965,298873600,2011,3,17
2011-03-10,14.100000381469728,14.800000190734863,13.75,14.18000030517578,8.605379104614258,481215000,2011,3,10
2011-03-03,14.899999618530272,14.949999809265137,13.979999542236328,14.289999961853027,8.672135353088379,428449200,2011,3,3
2011-02-24,14.56999969482422,15.289999961853027,14.5,14.65999984741211,8.896676063537598,394203200,2011,2,24
2011-02-17,16.010000228881836,16.030000686645508,14.489999771118164,14.859999656677246,9.018049240112305,379480100,2011,2,17
2011-02-10,15.989999771118164,16.510000228881836,15.899999618530272,16.049999237060547,9.74022102355957,341160400,2011,2,10
2011-02-03,15.380000114440918,16.360000610351562,15.100000381469728,16.09000015258789,9.764497756958008,472034100,2011,2,3
2011-01-27,18.520000457763672,18.8799991607666,15.3100004196167,15.399999618530272,9.345759391784668,1189692200,2011,1,27
2011-01-20,17.770000457763672,18.43000030517578,17.350000381469727,18.3700008392334,11.148149490356444,307907800,2011,1,20
2011-01-13,18.809999465942383,18.96999931335449,17.770000457763672,17.899999618530273,10.862927436828612,279693100,2011,1,13
2011-01-06,18.030000686645508,18.75,17.950000762939453,18.709999084472656,11.354488372802734,388816200,2011,1,6
2010-12-30,16.719999313354492,18.09000015258789,16.610000610351562,17.889999389648438,10.856856346130373,336122100,2010,12,30
2010-12-23,16.899999618530273,16.93000030517578,16.600000381469727,16.739999771118164,10.15895652770996,107403900,2010,12,23
2010-12-16,16.520000457763672,17.030000686645508,16.440000534057617,16.989999771118164,10.310678482055664,210602400,2010,12,16
2010-12-09,16.81999969482422,16.850000381469727,16.350000381469727,16.549999237060547,10.04365348815918,227347800,2010,12,9
2010-12-02,16.719999313354492,16.920000076293945,16.350000381469727,16.690000534057617,10.128618240356444,377978600,2010,12,2
2010-11-25,15.8100004196167,16.5,15.75,16.459999084472656,9.989038467407228,265596500,2010,11,25
2010-11-18,16.770000457763672,16.8700008392334,15.619999885559082,15.949999809265137,9.679533004760742,641967200,2010,11,18
2010-11-11,16.540000915527344,17.420000076293945,16.040000915527344,16.68000030517578,10.12254810333252,781901500,2010,11,11
2010-11-04,15.510000228881836,16.709999084472656,15.399999618530272,16.6299991607666,10.092206001281738,735613400,2010,11,4
2010-10-28,14.289999961853027,15.199999809265137,14.0600004196167,15.18000030517578,9.212244987487791,400965700,2010,10,28
2010-10-21,13.779999732971191,14.470000267028809,13.65999984741211,14.229999542236328,8.635720252990723,496579000,2010,10,21
2010-10-14,13.880000114440918,14.039999961853027,13.18000030517578,13.640000343322754,8.277670860290527,320418700,2010,10,14
2010-10-07,13.31999969482422,13.90999984741211,13.1899995803833,13.640000343322754,8.277670860290527,282505500,2010,10,7
2010-09-30,12.4399995803833,13.449999809265137,12.119999885559082,13.239999771118164,8.034923553466797,360222200,2010,9,30
2010-09-23,12.260000228881836,12.600000381469728,12.149999618530272,12.329999923706056,7.482675552368164,206197200,2010,9,23
2010-09-16,12.119999885559082,12.75,12.100000381469728,12.380000114440918,7.513016700744629,372446100,2010,9,16
2010-09-09,11.960000038146973,12.050000190734863,11.640000343322754,11.869999885559082,7.20351505279541,216943000,2010,9,9
2010-09-02,11.68000030517578,12.140000343322754,11.56999969482422,11.800000190734863,7.16103458404541,188483800,2010,9,2
2010-08-26,11.399999618530272,11.890000343322754,11.050000190734863,11.609999656677246,7.045729637145996,301143300,2010,8,26
2010-08-19,12.130000114440918,12.199999809265137,10.949999809265137,11.31999969482422,6.869736671447754,319186300,2010,8,19
2010-08-12,12.029999732971191,12.390000343322754,11.800000190734863,12.199999809265137,7.403779029846191,284231100,2010,8,12
2010-08-05,13.050000190734863,13.119999885559082,12.329999923706056,12.40999984741211,7.531225204467773,263748600,2010,8,5
2010-07-29,13.029999732971191,13.239999771118164,12.579999923706056,13.109999656677246,7.956029891967773,421224800,2010,7,29
2010-07-22,11.760000228881836,13.18000030517578,11.75,12.90999984741211,7.834657669067383,546462700,2010,7,22
2010-07-15,11.859999656677246,11.899999618530272,11.229999542236328,11.550000190734863,7.009317398071289,305615900,2010,7,15
2010-07-08,10.720000267028809,11.920000076293944,10.449999809265137,11.8100004196167,7.16710376739502,341416900,2010,7,8
2010-07-01,10.229999542236328,10.630000114440918,10.020000457763672,10.59000015258789,6.4267258644104,378802300,2010,7,1
2010-06-24,10.989999771118164,11.029999732971191,9.75,10.079999923706056,6.117223739624023,588309700,2010,6,24
2010-06-17,11.6899995803833,11.800000190734863,11.0,11.029999732971191,6.693747520446777,349305500,2010,6,17
2010-06-10,11.210000038146973,11.770000457763672,11.100000381469728,11.630000114440918,7.057868480682373,286969600,2010,6,10
2010-06-03,12.010000228881836,12.149999618530272,10.890000343322754,11.050000190734863,6.7058820724487305,395720600,2010,6,3
2010-05-27,11.850000381469728,12.079999923706056,11.380000114440918,11.850000381469728,7.191377639770508,337766800,2010,5,27
2010-05-20,11.039999961853027,11.81999969482422,10.170000076293944,11.390000343322754,6.9122185707092285,706633200,2010,5,20
2010-05-13,12.869999885559082,12.869999885559082,11.109999656677246,11.550000190734863,7.009317398071289,548872200,2010,5,13
2010-05-06,12.170000076293944,12.710000038146973,10.59000015258789,12.68000030517578,7.695077896118164,860945700,2010,5,6
2010-04-29,13.449999809265137,13.729999542236328,11.59000015258789,12.34000015258789,7.488742828369141,684587100,2010,4,29
2010-04-22,14.0,14.56999969482422,12.899999618530272,13.25,8.040993690490723,809053400,2010,4,22
2010-04-15,13.420000076293944,14.149999618530272,13.300000190734863,14.130000114440918,8.57503604888916,600520300,2010,4,15
2010-04-08,12.550000190734863,13.43000030517578,12.34000015258789,13.350000381469728,8.101679801940918,413293700,2010,4,8
2010-04-01,12.84000015258789,12.949999809265137,12.529999732971191,12.579999923706056,7.634390830993652,466445500,2010,4,1
2010-03-25,14.050000190734863,14.119999885559082,12.420000076293944,12.56999969482422,7.628321647644043,883249000,2010,3,25
2010-03-18,14.229999542236328,14.539999961853027,12.8100004196167,13.899999618530272,8.435456275939941,916849500,2010,3,18
2010-03-11,12.789999961853027,14.149999618530272,12.75,14.100000381469728,8.556830406188965,471129300,2010,3,11
2010-03-04,12.779999732971191,13.039999961853027,12.520000457763672,12.81999969482422,7.780040264129639,416445500,2010,3,4
2010-02-25,11.529999732971191,12.829999923706056,11.399999618530272,12.6899995803833,7.701148986816406,648799600,2010,2,25
2010-02-18,11.40999984741211,11.880000114440918,11.149999618530272,11.729999542236328,7.11855411529541,341279100,2010,2,18
2010-02-11,11.0,11.520000457763672,10.850000381469728,11.489999771118164,6.972906589508057,263102300,2010,2,11
2010-02-04,11.489999771118164,11.529999732971191,10.489999771118164,10.9399995803833,6.639128684997559,559961500,2010,2,4
2010-01-28,11.899999618530272,11.949999809265137,10.699999809265137,11.640000343322754,7.06393575668335,655649800,2010,1,28
2010-01-21,11.529999732971191,11.619999885559082,10.40999984741211,11.550000190734863,7.009317398071289,617945100,2010,1,21
2010-01-14,11.649999618530272,11.859999656677246,11.460000038146973,11.510000228881836,6.985044479370117,350264500,2010,1,14
2010-01-07,11.460000038146973,12.140000343322754,11.31999969482422,11.68000030517578,7.088212013244629,748813900,2010,1,7
2009-12-31,10.039999961853027,11.460000038146973,9.920000076293944,11.369999885559082,6.900079727172852,507800300,2009,12,31
2009-12-24,10.170000076293944,10.369999885559082,9.890000343322754,9.989999771118164,6.062605857849121,166396800,2009,12,24
2009-12-17,9.489999771118164,10.109999656677246,9.329999923706056,10.079999923706056,6.117223739624023,312768700,2009,12,17
2009-12-10,8.9399995803833,9.640000343322754,8.899999618530273,9.489999771118164,5.759172439575195,345980500,2009,12,10
2009-12-03,9.050000190734863,9.140000343322754,8.760000228881836,8.859999656677246,5.376845836639404,289270600,2009,12,3
2009-11-26,8.5,9.06999969482422,8.399999618530273,9.010000228881836,5.467876434326172,268753200,2009,11,26
2009-11-19,8.819999694824219,8.90999984741211,8.550000190734863,8.8100004196167,5.346500396728516,285293300,2009,11,19
2009-11-12,8.25,9.140000343322754,8.170000076293945,8.9399995803833,5.425393581390381,541723900,2009,11,12
2009-11-05,7.360000133514404,8.399999618530273,7.320000171661377,8.329999923706055,5.055205821990967,714353700,2009,11,5
2009-10-29,7.139999866485596,7.840000152587891,6.809999942779541,7.269999980926514,4.411927223205566,807508800,2009,10,29
2009-10-22,7.730000019073486,7.869999885559082,6.889999866485596,6.960000038146973,4.22379732131958,329346300,2009,10,22
2009-10-15,7.610000133514404,7.980000019073486,7.400000095367432,7.78000020980835,4.721426963806152,270457600,2009,10,15
2009-10-08,7.190000057220459,7.880000114440918,7.050000190734863,7.659999847412109,4.648605346679688,422561100,2009,10,8
2009-10-01,7.179999828338623,7.25,6.610000133514404,7.130000114440918,4.326962947845459,282418800,2009,10,1
2009-09-24,7.53000020980835,7.550000190734863,7.139999866485596,7.210000038146973,4.375514030456543,338890700,2009,9,24
2009-09-17,7.050000190734863,7.590000152587891,6.75,7.360000133514404,4.466544151306152,404342000,2009,9,17
2009-09-10,7.429999828338623,7.539999961853027,7.019999980926514,7.150000095367432,4.339101314544678,275559100,2009,9,10
2009-09-03,7.139999866485596,7.550000190734863,6.96999979019165,7.389999866485596,4.484748840332031,222691600,2009,9,3
2009-08-27,7.659999847412109,7.800000190734863,6.869999885559082,7.03000020980835,4.266276836395264,319317200,2009,8,27
2009-08-20,7.699999809265137,7.829999923706055,7.309999942779541,7.610000133514404,4.618261814117432,276521000,2009,8,20
2009-08-13,7.849999904632568,8.010000228881836,7.130000114440918,7.650000095367432,4.64253568649292,344624700,2009,8,13
2009-08-06,8.520000457763672,8.550000190734863,7.619999885559082,7.699999809265137,4.672879695892334,473691600,2009,8,6
2009-07-30,7.28000020980835,8.859999656677246,7.179999828338623,8.4399995803833,5.121960163116455,711384900,2009,7,30
2009-07-23,6.940000057220459,7.320000171661377,6.650000095367432,7.119999885559082,4.320896625518799,616378500,2009,7,23
2009-07-16,5.980000019073486,6.480000019073486,5.840000152587891,6.380000114440918,3.871815204620361,342623100,2009,7,16
2009-07-09,5.460000038146973,6.059999942779541,5.320000171661377,6.050000190734863,3.671546936035156,274500800,2009,7,9
2009-07-02,5.829999923706055,6.079999923706055,5.239999771118164,5.349999904632568,3.246739625930786,283101800,2009,7,2
2009-06-25,5.570000171661377,6.25,5.369999885559082,5.909999847412109,3.586586236953736,386175600,2009,6,25
2009-06-18,5.78000020980835,5.960000038146973,5.210000038146973,5.630000114440918,3.416663408279419,317676600,2009,6,18
2009-06-11,6.150000095367432,6.239999771118164,5.300000190734863,5.710000038146973,3.465212345123291,427829700,2009,6,11
2009-06-04,6.179999828338623,6.53000020980835,6.059999942779541,6.190000057220459,3.7565083503723145,429966500,2009,6,4
2009-05-28,5.409999847412109,6.460000038146973,5.25,6.179999828338623,3.750439167022705,520451600,2009,5,28
2009-05-21,5.25,5.53000020980835,5.059999942779541,5.340000152587891,3.240671396255493,250198300,2009,5,21
2009-05-14,5.159999847412109,5.75,4.989999771118164,5.409999847412109,3.283152341842652,646031800,2009,5,14
2009-05-07,6.510000228881836,6.539999961853027,4.710000038146973,4.960000038146973,3.010061264038086,982014400,2009,5,7
2009-04-30,5.579999923706055,6.289999961853027,5.559999942779541,6.260000228881836,3.798988342285156,513877400,2009,4,30
2009-04-23,4.429999828338623,5.449999809265137,4.309999942779541,5.449999809265137,3.307427167892456,658850400,2009,4,23
2009-04-16,4.119999885559082,4.420000076293945,3.2699999809265137,4.28000020980835,2.5973925590515137,411496800,2009,4,16
2009-04-09,4.21999979019165,4.409999847412109,3.75,4.039999961853027,2.4517438411712646,358009800,2009,4,9
2009-04-02,2.890000104904175,4.050000190734863,2.8299999237060547,3.950000047683716,2.3971264362335205,785089000,2009,4,2
2009-03-26,2.900000095367432,2.9800000190734863,2.380000114440918,2.740000009536743,1.6628166437149048,249002600,2009,3,26
2009-03-19,2.7699999809265137,2.990000009536743,2.2799999713897705,2.7699999809265137,1.6810227632522583,255629500,2009,3,19
2009-03-12,1.9800000190734863,2.650000095367432,1.9800000190734863,2.470000028610229,1.4989620447158811,280481200,2009,3,12
2009-03-05,1.75,2.0,1.649999976158142,1.9600000381469729,1.1894596815109253,189598800,2009,3,5
2009-02-26,2.0799999237060547,2.0899999141693115,1.7999999523162842,1.870000004768372,1.1348421573638916,121272100,2009,2,26
2009-02-19,1.690000057220459,2.1600000858306885,1.5,2.009999990463257,1.2198033332824707,190931900,2009,2,19
2009-02-12,1.830000042915344,1.850000023841858,1.6100000143051147,1.6699999570846558,1.0134682655334473,104343700,2009,2,12
2009-02-05,1.940000057220459,1.9900000095367432,1.7999999523162842,1.850000023841858,1.1227047443389893,124479400,2009,2,5
2009-01-29,2.0299999713897705,2.0299999713897705,1.809999942779541,1.950000047683716,1.1833912134170532,156991300,2009,1,29
2009-01-22,2.039999961853028,2.069999933242798,1.7999999523162842,2.0299999713897705,1.231940746307373,240588900,2009,1,22
2009-01-15,2.2699999809265137,2.359999895095825,2.0,2.0899999141693115,1.26835298538208,256623800,2009,1,15
2009-01-08,2.619999885559082,2.7300000190734863,2.190000057220459,2.259999990463257,1.3715200424194336,235801800,2009,1,8
2009-01-01,2.299999952316284,2.8499999046325684,2.2799999713897705,2.690000057220459,1.632473111152649,217960400,2009,1,1
