Date,Open,High,Low,Close,Adj_close,Volume
2009-01-01,8772.25,9088.0595703125,8719.919921875,8769.7001953125,8769.7001953125,929580000
2009-01-08,8769.9404296875,8770.01953125,8140.72021484375,8200.1396484375,8200.1396484375,1363570000
2009-01-15,8196.240234375,8341.2001953125,7936.18994140625,8228.099609375,8228.099609375,1705260000
2009-01-22,8224.4296875,8405.8701171875,7909.02978515625,8375.4501953125,8375.4501953125,1712960000
2009-01-29,8373.0595703125,8373.1396484375,7867.3701171875,7956.66015625,7956.66015625,1503110000
2009-02-05,7954.830078125,8315.0703125,7845.31005859375,7939.52978515625,7939.52978515625,1796810000
2009-02-12,7931.97021484375,7970.83984375,7479.97021484375,7555.6298828125,7555.6298828125,1184990000
2009-02-19,7555.22998046875,7614.97021484375,7105.93994140625,7270.89013671875,7270.89013671875,2210810000
2009-02-26,7269.06005859375,7402.31005859375,6705.6298828125,6875.83984375,6875.83984375,2468030000
2009-03-05,6874.009765625,7015.06005859375,6469.9501953125,6930.39990234375,6930.39990234375,2465380000
2009-03-12,6932.39013671875,7571.64013671875,6872.25,7486.580078125,7486.580078125,2530660000
2009-03-19,7489.68017578125,7863.6298828125,7257.830078125,7749.81005859375,7749.81005859375,2582230000
2009-03-26,7752.35986328125,7931.330078125,7437.58984375,7761.60009765625,7761.60009765625,1865350000
2009-04-02,7763.990234375,8075.72998046875,7750.85009765625,7837.10986328125,7837.10986328125,1530700000
2009-04-09,7839.89013671875,8113.41015625,7839.89013671875,8029.6201171875,8029.6201171875,1812600000
2009-04-16,8029.14013671875,8190.66015625,7791.9501953125,7886.56982421875,7886.56982421875,2161860000
2009-04-23,7886.81005859375,8257.5703125,7804.2099609375,8185.72998046875,8185.72998046875,1588000000
2009-04-30,8188.509765625,8518.5703125,8099.31005859375,8512.2802734375,8512.2802734375,1699220000
2009-05-07,8512.2802734375,8587.5498046875,8262.4296875,8284.8896484375,8284.8896484375,1909460000
2009-05-14,8285.919921875,8591.9296875,8230.169921875,8422.0400390625,8422.0400390625,1667250000
2009-05-21,8416.0703125,8496.58984375,8221.009765625,8300.01953125,8300.01953125,1147220000
2009-05-28,8300.5,8787.1298828125,8246.580078125,8675.240234375,8675.240234375,1517190000
2009-06-04,8675.2802734375,8839.400390625,8633.0703125,8739.01953125,8739.01953125,1090250000
2009-06-11,8736.23046875,8877.9296875,8461.2900390625,8497.1796875,8497.1796875,1122700000
2009-06-18,8496.73046875,8616.58984375,8259.8798828125,8299.8603515625,8299.8603515625,1466580000
2009-06-25,8299.25,8580.4697265625,8259.4296875,8504.0595703125,8504.0595703125,1164600000
2009-07-02,8503.0,8503.23046875,8087.18994140625,8178.41015625,8178.41015625,900830000
2009-07-09,8179.009765625,8628.23046875,8093.31005859375,8616.2099609375,8616.2099609375,1114610000
2009-07-16,8612.66015625,8949.7998046875,8584.400390625,8881.259765625,8881.259765625,1149640000
2009-07-23,8882.3095703125,9124.91015625,8866.4404296875,9070.7197265625,9070.7197265625,1054680000
2009-07-30,9072.83984375,9321.099609375,9072.6103515625,9280.9697265625,9280.9697265625,1152270000
2009-08-06,9277.1904296875,9437.7099609375,9208.7998046875,9361.6103515625,9361.6103515625,991220000
2009-08-13,9362.2900390625,9406.5,9116.51953125,9279.16015625,9279.16015625,860940000
2009-08-20,9278.5498046875,9620.0,9267.9697265625,9543.51953125,9543.51953125,964410000
2009-08-27,9541.6298828125,9630.2001953125,9262.2998046875,9280.669921875,9280.669921875,1014230000
2009-09-03,9282.0302734375,9577.2197265625,9252.9296875,9547.2197265625,9547.2197265625,714340000
2009-09-10,9546.5400390625,9799.7197265625,9508.2197265625,9791.7099609375,9791.7099609375,1092670000
2009-09-17,9789.8203125,9917.990234375,9725.8798828125,9748.5498046875,9748.5498046875,1251180000
2009-09-24,9749.990234375,9834.48046875,9608.58984375,9712.2802734375,9712.2802734375,977410000
2009-10-01,9711.599609375,9774.3203125,9430.080078125,9725.580078125,9725.580078125,1034260000
2009-10-08,9728.2197265625,10027.73046875,9728.0703125,10015.8603515625,10015.8603515625,1025870000
2009-10-15,10014.8798828125,10119.4697265625,9939.91015625,9949.3603515625,9949.3603515625,1212040000
2009-10-22,9946.1796875,10109.5703125,9758.080078125,9762.6904296875,9762.6904296875,1302050000
2009-10-29,9762.91015625,9969.91015625,9678.9501953125,9802.1396484375,9802.1396484375,1275040000
2009-11-05,9807.7998046875,10341.9697265625,9807.7998046875,10291.259765625,10291.259765625,980390000
2009-11-12,10289.8203125,10438.169921875,10171.240234375,10426.3095703125,10426.3095703125,878320000
2009-11-19,10425.330078125,10495.6103515625,10256.1103515625,10464.400390625,10464.400390625,902860000
2009-11-26,10452.23046875,10513.51953125,10231.25,10452.6796875,10452.6796875,703590000
2009-12-03,10455.6298828125,10516.7001953125,10235.6298828125,10337.0498046875,10337.0498046875,1311590000
2009-12-10,10336.0,10514.66015625,10335.76953125,10441.1201171875,10441.1201171875,926110000
2009-12-17,10439.990234375,10492.0595703125,10263.900390625,10466.4404296875,10466.4404296875,1090950000
2009-12-24,10467.1201171875,10580.330078125,10461.6796875,10548.509765625,10548.509765625,357730000
2009-12-31,10548.509765625,10604.9697265625,10423.1298828125,10573.6796875,10573.6796875,692300000
2010-01-07,10571.1103515625,10709.259765625,10505.2099609375,10680.76953125,10680.76953125,1031010000
2010-01-14,10680.16015625,10729.8896484375,10517.2998046875,10603.150390625,10603.150390625,959670000
2010-01-21,10603.91015625,10614.9404296875,10104.3603515625,10236.16015625,10236.16015625,1322710000
2010-01-28,10236.919921875,10314.83984375,10043.75,10270.5498046875,10270.5498046875,1191460000
2010-02-04,10273.1201171875,10273.1201171875,9835.08984375,10038.3798828125,10038.3798828125,1243640000
2010-02-11,10037.849609375,10320.1298828125,9976.7099609375,10309.240234375,10309.240234375,919150000
2010-02-18,10309.3896484375,10438.5498046875,10267.830078125,10374.16015625,10374.16015625,957690000
2010-02-25,10366.599609375,10469.5400390625,10185.830078125,10396.759765625,10396.759765625,1098890000
2010-03-04,10396.5302734375,10612.599609375,10390.8603515625,10567.330078125,10567.330078125,928220000
2010-03-11,10560.98046875,10767.98046875,10507.169921875,10733.669921875,10733.669921875,898310000
2010-03-18,10733.4404296875,10893.8896484375,10694.2197265625,10836.150390625,10836.150390625,1129380000
2010-03-25,10837.509765625,10955.48046875,10816.4296875,10856.6298828125,10856.6298828125,858400000
2010-04-01,10857.3095703125,10988.0595703125,10845.4501953125,10897.51953125,10897.51953125,645960000
2010-04-08,10896.990234375,11125.2197265625,10844.08984375,11123.1103515625,11123.1103515625,871420000
2010-04-15,11122.9599609375,11154.5498046875,10973.919921875,11124.919921875,11124.919921875,1156570000
2010-04-22,11119.7802734375,11258.009765625,10965.3798828125,11045.26953125,11045.26953125,1114160000
2010-04-29,11045.6396484375,11197.9296875,10814.83984375,10866.830078125,10866.830078125,1088450000
2010-05-06,10868.1201171875,10909.080078125,9869.6201171875,10896.91015625,10896.91015625,1622550000
2010-05-13,10896.6103515625,10920.26953125,10324.66015625,10444.3701171875,10444.3701171875,1192600000
2010-05-20,10440.2099609375,10440.2099609375,9774.48046875,9974.4501953125,9974.4501953125,1643040000
2010-05-27,9971.73046875,10264.2001953125,9971.73046875,10249.5400390625,10249.5400390625,931240000
2010-06-03,10250.669921875,10315.2099609375,9757.5498046875,9899.25,9899.25,1138770000
2010-06-10,9901.669921875,10429.0302734375,9901.669921875,10409.4599609375,10409.4599609375,956410000
2010-06-17,10409.98046875,10594.16015625,10227.240234375,10298.4404296875,10298.4404296875,1055120000
2010-06-24,10297.080078125,10298.0595703125,9753.83984375,9774.01953125,9774.01953125,1368630000
2010-07-01,9773.26953125,10026.599609375,9614.3203125,10018.2802734375,10018.2802734375,942970000
2010-07-08,10019.259765625,10407.8203125,10019.259765625,10366.7197265625,10366.7197265625,846080000
2010-07-15,10367.099609375,10379.740234375,10007.759765625,10120.5302734375,10120.5302734375,1120340000
2010-07-22,10121.8095703125,10578.330078125,10121.8095703125,10497.8798828125,10497.8798828125,923660000
2010-07-29,10498.9404296875,10702.990234375,10347.5,10680.4296875,10680.4296875,916150000
2010-08-05,10679.669921875,10719.9404296875,10367.330078125,10378.830078125,10378.830078125,883630000
2010-08-12,10361.580078125,10480.4404296875,10209.5302734375,10415.5400390625,10415.5400390625,878590000
2010-08-19,10411.150390625,10411.150390625,9937.98046875,10060.0595703125,10060.0595703125,1059460000
2010-08-26,10059.900390625,10279.080078125,9936.6201171875,10269.4697265625,10269.4697265625,995700000
2010-09-02,10270.080078125,10451.150390625,10253.9599609375,10387.009765625,10387.009765625,634330000
2010-09-09,10388.1396484375,10588.3203125,10386.6298828125,10572.73046875,10572.73046875,854460000
2010-09-16,10571.75,10833.3896484375,10522.48046875,10739.3095703125,10739.3095703125,1049980000
2010-09-23,10738.48046875,10886.2099609375,10640.919921875,10835.2802734375,10835.2802734375,805950000
2010-09-30,10836.0400390625,10974.16015625,10711.1201171875,10967.650390625,10967.650390625,916480000
2010-10-07,10968.41015625,11155.23046875,10892.759765625,11096.080078125,11096.080078125,789100000
2010-10-14,11096.990234375,11159.0498046875,10917.6201171875,11107.9697265625,11107.9697265625,1173450000
2010-10-21,11105.240234375,11247.599609375,11020.8203125,11126.2802734375,11126.2802734375,776860000
2010-10-28,11127.33984375,11244.26953125,11052.599609375,11215.1298828125,11215.1298828125,824000000
2010-11-04,11216.650390625,11451.5302734375,11216.650390625,11357.0400390625,11357.0400390625,916420000
2010-11-11,11326.6904296875,11326.76953125,10978.9296875,11007.8798828125,11007.8798828125,1084790000
2010-11-18,11010.490234375,11206.169921875,10992.169921875,11187.2802734375,11187.2802734375,875120000
2010-11-25,11183.5,11276.099609375,10929.2802734375,11255.7802734375,11255.7802734375,656220000
2010-12-02,11255.9296875,11450.8896484375,11255.849609375,11372.48046875,11372.48046875,812000000
2010-12-09,11370.4404296875,11519.0400390625,11331.5,11457.4697265625,11457.4697265625,810510000
2010-12-16,11457.9296875,11566.990234375,11421.2998046875,11559.490234375,11559.490234375,888160000
2010-12-23,11559.1103515625,11625.0,11518.4404296875,11585.3798828125,11585.3798828125,369560000
2010-12-30,11585.3798828125,11742.6796875,11530.3203125,11722.8896484375,11722.8896484375,722190000
2011-01-06,11716.9296875,11782.23046875,11573.8701171875,11755.4404296875,11755.4404296875,834540000
2011-01-13,11753.7001953125,11861.240234375,11698.830078125,11825.2900390625,11825.2900390625,732070000
2011-01-20,11823.7001953125,12020.51953125,11744.76953125,11985.4404296875,11985.4404296875,974550000
2011-01-27,11985.3603515625,12057.91015625,11803.0400390625,12041.9697265625,12041.9697265625,912850000
2011-02-03,12040.6796875,12254.23046875,11981.0498046875,12239.8896484375,12239.8896484375,688010000
2011-02-10,12239.66015625,12303.16015625,12156.9404296875,12288.169921875,12288.169921875,893930000
2011-02-17,12287.7197265625,12391.2900390625,12063.4296875,12105.7802734375,12105.7802734375,776250000
2011-02-24,12104.5595703125,12261.3798828125,11983.169921875,12066.7998046875,12066.7998046875,868470000
2011-03-03,12068.009765625,12283.099609375,12041.599609375,12213.08984375,12213.08984375,787710000
2011-03-10,12211.4296875,12211.4296875,11555.48046875,11613.2998046875,11613.2998046875,963330000
2011-03-17,11614.8896484375,12116.1396484375,11614.8203125,12086.01953125,12086.01953125,930300000
2011-03-24,12087.5400390625,12383.4599609375,12087.5400390625,12350.6103515625,12350.6103515625,653840000
2011-03-31,12350.759765625,12450.9296875,12319.009765625,12426.75,12426.75,773090000
2011-04-07,12426.4501953125,12450.3603515625,12224.4501953125,12270.990234375,12270.990234375,647570000
2011-04-14,12270.240234375,12475.5302734375,12093.8896484375,12453.5400390625,12453.5400390625,919370000
2011-04-21,12453.6201171875,12708.3701171875,12446.0498046875,12690.9599609375,12690.9599609375,639820000
2011-04-28,12689.900390625,12876.0,12673.01953125,12723.580078125,12723.580078125,1063570000
2011-05-05,12723.650390625,12781.0595703125,12521.2802734375,12630.0302734375,12630.0302734375,835890000
2011-05-12,12629.9599609375,12718.580078125,12378.83984375,12560.1796875,12560.1796875,946710000
2011-05-19,12561.4599609375,12633.58984375,12309.51953125,12394.66015625,12394.66015625,775840000
2011-05-26,12391.6298828125,12574.2900390625,12282.419921875,12290.1396484375,12290.1396484375,666410000
2011-06-02,12289.6103515625,12306.7099609375,12024.259765625,12048.9404296875,12048.9404296875,800190000
2011-06-09,12049.4697265625,12183.1201171875,11862.5302734375,11897.26953125,11897.26953125,823500000
2011-06-16,11896.1298828125,12217.330078125,11875.76953125,12109.669921875,12109.669921875,931660000
2011-06-23,12108.349609375,12284.3896484375,11874.9404296875,12261.419921875,12261.419921875,958110000
2011-06-30,12262.25,12643.240234375,12262.099609375,12626.01953125,12626.01953125,577180000
2011-07-07,12627.23046875,12753.8896484375,12446.8798828125,12491.6103515625,12491.6103515625,720750000
2011-07-14,12491.5302734375,12607.5595703125,12296.23046875,12571.91015625,12571.91015625,813070000
2011-07-21,12567.0703125,12751.4296875,12289.6904296875,12302.5498046875,12302.5498046875,781840000
2011-07-28,12301.7197265625,12384.900390625,11700.33984375,11896.4404296875,11896.4404296875,967720000
2011-08-04,11893.8603515625,11893.9404296875,10604.0703125,10719.9404296875,10719.9404296875,2014760000
2011-08-11,10729.849609375,11529.669921875,10729.849609375,11410.2099609375,11410.2099609375,1168420000
2011-08-18,11406.26953125,11406.5,10801.41015625,11320.7099609375,11320.7099609375,1343120000
2011-08-25,11321.01953125,11712.599609375,10929.2001953125,11613.5302734375,11613.5302734375,1088830000
2011-09-01,11613.2998046875,11716.83984375,10932.5302734375,11414.8603515625,11414.8603515625,736510000
2011-09-08,11414.8603515625,11477.2998046875,10824.759765625,11246.73046875,11246.73046875,980950000
2011-09-15,11247.7197265625,11550.2197265625,11117.2802734375,11124.83984375,11124.83984375,1134480000
2011-09-22,11121.8896484375,11369.2998046875,10597.1396484375,11010.900390625,11010.900390625,1140040000
2011-09-29,11012.7900390625,11271.1396484375,10404.490234375,10939.9501953125,10939.9501953125,1141290000
2011-10-06,10939.8701171875,11625.2998046875,10858.669921875,11518.849609375,11518.849609375,843870000
2011-10-13,11518.08984375,11652.740234375,11296.1201171875,11504.6201171875,11504.6201171875,788910000
2011-10-20,11502.1298828125,11940.75,11391.1396484375,11869.0400390625,11869.0400390625,937150000
2011-10-27,11872.0703125,12284.3095703125,11630.0302734375,11836.0400390625,11836.0400390625,973480000
2011-11-03,11835.58984375,12187.509765625,11736.9296875,11780.9404296875,11780.9404296875,731580000
2011-11-10,11780.0302734375,12179.7197265625,11779.8798828125,11905.58984375,11905.58984375,600110000
2011-11-17,11905.669921875,11948.4296875,11257.5498046875,11257.5498046875,11257.5498046875,822820000
2011-11-24,11251.8798828125,12045.6796875,11231.4296875,12045.6796875,12045.6796875,736170000
2011-12-01,12046.2099609375,12257.669921875,11974.6201171875,12196.3701171875,12196.3701171875,762000000
2011-12-08,12195.91015625,12212.830078125,11786.4697265625,11823.48046875,11823.48046875,802330000
2011-12-15,11825.2900390625,12119.7001953125,11735.1904296875,12107.740234375,12107.740234375,990050000
2011-12-22,12107.58984375,12328.4697265625,12107.3701171875,12151.41015625,12151.41015625,412020000
2011-12-29,12152.3203125,12479.650390625,12152.08984375,12418.419921875,12418.419921875,402770000
2012-01-05,12418.419921875,12514.6904296875,12283.900390625,12449.4501953125,12449.4501953125,683250000
2012-01-12,12449.91015625,12582.2802734375,12311.7900390625,12578.9501953125,12578.9501953125,592540000
2012-01-19,12578.1904296875,12778.259765625,12563.580078125,12758.849609375,12758.849609375,813850000
2012-01-26,12756.9599609375,12841.9501953125,12529.41015625,12716.4599609375,12716.4599609375,737250000
2012-02-02,12716.5400390625,12903.7099609375,12676.0498046875,12883.9501953125,12883.9501953125,619640000
2012-02-09,12884.41015625,12924.7099609375,12743.5595703125,12780.9501953125,12780.9501953125,640550000
2012-02-16,12779.8095703125,13005.0400390625,12779.580078125,12938.669921875,12938.669921875,658080000
2012-02-23,12937.080078125,13055.75,12882.58984375,12952.0703125,12952.0703125,650400000
2012-03-01,12952.2900390625,13032.669921875,12734.8603515625,12837.330078125,12837.330078125,659640000
2012-03-08,12835.5302734375,13221.26953125,12835.5302734375,13194.099609375,13194.099609375,633510000
2012-03-15,13192.9697265625,13289.080078125,13112.9296875,13124.6201171875,13124.6201171875,957910000
2012-03-22,13124.400390625,13264.98046875,13002.76953125,13126.2099609375,13126.2099609375,644890000
2012-03-29,13125.990234375,13297.1103515625,13020.8603515625,13074.75,13074.75,665210000
2012-04-05,13067.1796875,13088.1103515625,12710.5595703125,12805.3896484375,12805.3896484375,499610000
2012-04-12,12806.4501953125,13131.3603515625,12806.2998046875,13032.75,13032.75,610600000
2012-04-19,13028.73046875,13105.7001953125,12845.580078125,13090.7197265625,13090.7197265625,760630000
2012-04-26,13090.1103515625,13338.66015625,13075.9599609375,13268.5703125,13268.5703125,570460000
2012-05-03,13267.58984375,13284.08984375,12748.48046875,12835.0595703125,12835.0595703125,612040000
2012-05-10,12831.580078125,12931.7099609375,12597.33984375,12598.5498046875,12598.5498046875,742400000
2012-05-17,12598.3203125,12611.419921875,12311.5595703125,12496.150390625,12496.150390625,816100000
2012-05-24,12491.91015625,12611.6103515625,12396.400390625,12419.8603515625,12419.8603515625,450150000
2012-05-31,12414.41015625,12489.8701171875,12035.08984375,12414.7900390625,12414.7900390625,743600000
2012-06-07,12416.5302734375,12650.4697265625,12398.4404296875,12496.3798828125,12496.3798828125,601160000
2012-06-14,12497.8896484375,12898.9404296875,12497.66015625,12824.3896484375,12824.3896484375,768500000
2012-06-21,12823.099609375,12857.3896484375,12452.0302734375,12627.009765625,12627.009765625,698050000
2012-06-28,12626.25,12946.2001953125,12450.169921875,12943.66015625,12943.66015625,490990000
2012-07-05,12941.849609375,12961.2998046875,12534.330078125,12604.5302734375,12604.5302734375,537890000
2012-07-12,12602.7099609375,12921.9404296875,12492.25,12908.7001953125,12908.7001953125,607030000
2012-07-19,12909.6103515625,12977.5703125,12521.83984375,12676.0498046875,12676.0498046875,746860000
2012-07-26,12680.58984375,13128.6396484375,12680.58984375,12976.1298828125,12976.1298828125,645620000
2012-08-02,12969.7001953125,13215.9697265625,12778.900390625,13175.6396484375,13175.6396484375,489580000
2012-08-09,13174.73046875,13223.009765625,13094.9599609375,13164.7802734375,13164.7802734375,400100000
2012-08-16,13163.240234375,13330.759765625,13120.33984375,13172.759765625,13172.759765625,569000000
2012-08-23,13171.3701171875,13176.169921875,13027.2001953125,13107.48046875,13107.48046875,466060000
2012-08-30,13101.2900390625,13151.8701171875,12977.08984375,13047.48046875,13047.48046875,406230000
2012-09-06,13045.23046875,13373.6201171875,13045.080078125,13333.349609375,13333.349609375,611110000
2012-09-13,13329.7099609375,13653.240234375,13325.1103515625,13577.9599609375,13577.9599609375,701880000
2012-09-20,13575.169921875,13647.099609375,13406.91015625,13413.509765625,13413.509765625,930870000
2012-09-27,13413.4697265625,13598.25,13367.26953125,13494.6103515625,13494.6103515625,561680000
2012-10-04,13495.1796875,13661.8701171875,13327.6201171875,13344.9697265625,13344.9697265625,497940000
2012-10-11,13346.2802734375,13561.650390625,13296.4296875,13557.0,13557.0,564270000
2012-10-18,13553.240234375,13588.73046875,13063.6298828125,13077.33984375,13077.33984375,722260000
2012-10-25,13079.6396484375,13214.1103515625,13017.3701171875,13096.4599609375,13096.4599609375,387390000
2012-11-01,13099.1904296875,13290.75,12876.599609375,12932.73046875,12932.73046875,643480000
2012-11-08,12932.8095703125,12980.23046875,12542.6796875,12570.9501953125,12570.9501953125,636760000
2012-11-15,12571.099609375,12845.990234375,12471.490234375,12836.8896484375,12836.8896484375,694630000
2012-11-22,12833.1298828125,13011.4501953125,12765.3203125,12985.1103515625,12985.1103515625,424370000
2012-11-29,12977.349609375,13089.1103515625,12923.4404296875,13034.490234375,13034.490234375,684110000
2012-12-06,13026.1904296875,13329.4404296875,13007.83984375,13245.4501953125,13245.4501953125,611530000
2012-12-13,13241.3798828125,13365.8603515625,13118.4599609375,13251.9697265625,13251.9697265625,663730000
2012-12-20,13246.669921875,13314.6396484375,13076.8701171875,13114.58984375,13114.58984375,660190000
2012-12-27,13114.9697265625,13412.7099609375,12883.8896484375,13412.5498046875,13412.5498046875,493310000
2013-01-03,13413.009765625,13447.1103515625,13293.1298828125,13390.509765625,13390.509765625,602980000
2013-01-10,13391.8203125,13546.3701171875,13382.2900390625,13511.23046875,13511.23046875,592000000
2013-01-17,13511.23046875,13794.2900390625,13510.240234375,13779.330078125,13779.330078125,693590000
2013-01-24,13779.330078125,13969.990234375,13779.330078125,13910.419921875,13910.419921875,594080000
2013-01-31,13910.419921875,14019.7802734375,13860.580078125,13986.51953125,13986.51953125,663390000
2013-02-07,13986.51953125,14038.9697265625,13852.2001953125,13982.91015625,13982.91015625,541180000
2013-02-14,13982.91015625,14058.26953125,13906.73046875,13927.5400390625,13927.5400390625,585420000
2013-02-21,13927.5400390625,14104.8603515625,13784.009765625,14075.3701171875,14075.3701171875,663040000
2013-02-28,14075.3701171875,14320.650390625,13937.599609375,14296.240234375,14296.240234375,642490000
2013-03-07,14296.240234375,14478.7998046875,14296.240234375,14455.2802734375,14455.2802734375,513610000
2013-03-14,14455.2802734375,14546.8203125,14382.08984375,14511.73046875,14511.73046875,888210000
2013-03-21,14511.73046875,14563.75,14383.01953125,14526.16015625,14526.16015625,525450000
2013-03-28,14526.16015625,14684.490234375,14520.8603515625,14550.349609375,14550.349609375,470670000
2013-04-04,14550.349609375,14826.66015625,14434.4296875,14802.240234375,14802.240234375,591820000
2013-04-11,14802.240234375,14887.509765625,14560.8095703125,14618.58984375,14618.58984375,720150000
2013-04-18,14618.58984375,14747.419921875,14444.0302734375,14676.2998046875,14676.2998046875,787480000
2013-04-25,14676.2998046875,14844.9599609375,14665.4501953125,14700.9501953125,14700.9501953125,616440000
2013-05-02,14700.9501953125,15106.8095703125,14700.9501953125,15105.1201171875,15105.1201171875,557970000
2013-05-09,15105.1201171875,15301.33984375,15038.1796875,15275.6904296875,15275.6904296875,539690000
2013-05-16,15273.919921875,15542.400390625,15215.8203125,15307.169921875,15307.169921875,732080000
2013-05-23,15300.5703125,15521.490234375,15180.23046875,15302.7998046875,15302.7998046875,499170000
2013-05-30,15306.01953125,15398.7001953125,14945.5703125,14960.58984375,14960.58984375,753640000
2013-06-06,14955.4501953125,15300.6396484375,14844.2197265625,14995.23046875,14995.23046875,579420000
2013-06-13,14992.5400390625,15340.08984375,14953.4501953125,15112.1904296875,15112.1904296875,561760000
2013-06-20,15105.509765625,15105.509765625,14551.26953125,14910.1396484375,14910.1396484375,1020550000
2013-06-27,14921.2802734375,15083.2802734375,14858.9296875,14988.3701171875,14988.3701171875,641830000
2013-07-04,14995.4599609375,15348.9501953125,14971.2001953125,15291.66015625,15291.66015625,445700000
2013-07-11,15298.0,15509.48046875,15298.0,15470.51953125,15470.51953125,586730000
2013-07-18,15465.91015625,15604.2197265625,15465.91015625,15542.240234375,15542.240234375,744470000
2013-07-25,15539.169921875,15634.3203125,15405.16015625,15499.5400390625,15499.5400390625,548050000
2013-08-01,15503.849609375,15658.4296875,15421.75,15470.669921875,15470.669921875,468890000
2013-08-08,15477.26953125,15557.1201171875,15316.6201171875,15337.66015625,15337.66015625,426050000
2013-08-15,15332.7099609375,15332.7099609375,14880.83984375,14897.5498046875,14897.5498046875,592300000
2013-08-22,14908.599609375,15049.98046875,14760.41015625,14824.509765625,14824.509765625,611400000
2013-08-29,14817.91015625,14956.740234375,14762.349609375,14930.8701171875,14930.8701171875,493700000
2013-09-05,14929.490234375,15326.599609375,14789.400390625,15326.599609375,15326.599609375,505370000
2013-09-12,15327.1396484375,15709.580078125,15283.259765625,15676.9404296875,15676.9404296875,546280000
2013-09-19,15677.8603515625,15695.8896484375,15253.16015625,15273.259765625,15273.259765625,758170000
2013-09-26,15274.419921875,15387.1904296875,15044.7099609375,15133.1396484375,15133.1396484375,465590000
2013-10-03,15127.23046875,15127.23046875,14719.4296875,14802.98046875,14802.98046875,451900000
2013-10-10,14806.3896484375,15374.150390625,14806.3896484375,15373.830078125,15373.830078125,457980000
2013-10-17,15369.4599609375,15518.099609375,15229.01953125,15413.330078125,15413.330078125,556470000
2013-10-24,15414.8701171875,15721.0,15414.1298828125,15618.759765625,15618.759765625,457670000
2013-10-31,15619.919921875,15750.2900390625,15522.1796875,15746.8798828125,15746.8798828125,488170000
2013-11-07,15751.3095703125,15822.98046875,15579.349609375,15821.6298828125,15821.6298828125,435630000
2013-11-14,15806.2197265625,16030.2802734375,15798.740234375,15900.8203125,15900.8203125,514100000
2013-11-21,15908.0703125,16120.25,15908.0703125,16097.330078125,16097.330078125,427220000
2013-11-28,16105.16015625,16174.509765625,15791.2900390625,15889.76953125,15889.76953125,376870000
2013-12-05,15886.5,16058.400390625,15809.3701171875,15843.5302734375,15843.5302734375,504740000
2013-12-12,15844.8203125,16173.0400390625,15703.7900390625,16167.9697265625,16167.9697265625,521630000
2013-12-19,16162.509765625,16360.599609375,16121.5400390625,16357.5498046875,16357.5498046875,492740000
2013-12-26,16370.9697265625,16588.25,16370.9697265625,16576.66015625,16576.66015625,230370000
2014-01-02,16572.169921875,16573.0703125,16405.51953125,16462.740234375,16462.740234375,427640000
2014-01-09,16471.41015625,16525.349609375,16240.599609375,16481.939453125,16481.939453125,480600000
2014-01-16,16477.69921875,16520.599609375,16316.25,16373.33984375,16373.33984375,471380000
2014-01-23,16371.990234375,16372.9599609375,15708.98046875,15738.7900390625,15738.7900390625,568230000
2014-01-30,15743.0302734375,15907.5302734375,15340.6904296875,15440.23046875,15440.23046875,609480000
2014-02-06,15443.830078125,16036.5595703125,15443.0,15963.9404296875,15963.9404296875,470110000
2014-02-13,15946.990234375,16225.7197265625,15863.25,16040.5595703125,16040.5595703125,355340000
2014-02-20,16044.150390625,16300.0400390625,16006.58984375,16198.41015625,16198.41015625,642330000
2014-02-27,16197.7001953125,16419.490234375,16071.25,16360.1796875,16360.1796875,482610000
2014-03-06,16360.5595703125,16505.69921875,16260.0302734375,16340.080078125,16340.080078125,380850000
2014-03-13,16341.5498046875,16405.0703125,16046.990234375,16222.169921875,16222.169921875,430000000
2014-03-20,16221.98046875,16466.0390625,16160.330078125,16268.990234375,16268.990234375,737700000
2014-03-27,16268.669921875,16588.189453125,16191.7900390625,16573.0,16573.0,450660000
2014-04-03,16572.359375,16631.630859375,16180.2802734375,16437.1796875,16437.1796875,488170000
2014-04-10,16437.240234375,16456.119140625,16015.3203125,16424.849609375,16424.849609375,514620000
2014-04-17,16424.140625,16565.7109375,16368.1396484375,16501.650390625,16501.650390625,377350000
2014-04-24,16503.390625,16592.279296875,16312.66015625,16580.83984375,16580.83984375,440690000
2014-05-01,16580.259765625,16620.060546875,16357.349609375,16518.5390625,16518.5390625,393070000
2014-05-08,16518.16015625,16735.509765625,16498.7109375,16613.970703125,16613.970703125,365460000
2014-05-15,16613.51953125,16622.900390625,16341.2998046875,16533.060546875,16533.060546875,460000000
2014-05-22,16532.740234375,16688.689453125,16489.609375,16633.1796875,16633.1796875,263940000
2014-05-29,16637.740234375,16756.640625,16620.4296875,16737.529296875,16737.529296875,351650000
2014-06-05,16739.140625,16970.169921875,16709.94921875,16843.880859375,16843.880859375,344540000
2014-06-12,16840.48046875,16911.41015625,16703.73046875,16906.619140625,16906.619140625,382930000
2014-06-19,16909.900390625,16978.01953125,16799.41015625,16867.509765625,16867.509765625,545350000
2014-06-26,16866.810546875,16998.69921875,16746.08984375,16976.240234375,16976.240234375,423590000
2014-07-03,16979.0,17074.650390625,16874.7890625,16985.609375,16985.609375,270650000
2014-07-10,16980.349609375,17139.349609375,16805.380859375,17138.19921875,17138.19921875,402310000
2014-07-17,17133.44921875,17151.560546875,16966.189453125,17086.630859375,17086.630859375,430760000
2014-07-24,17092.01953125,17119.830078125,16817.16015625,16880.359375,16880.359375,353600000
2014-07-31,16869.630859375,16869.630859375,16369.5498046875,16443.33984375,16443.33984375,418020000
2014-08-07,16448.2890625,16670.2890625,16333.7802734375,16651.80078125,16651.80078125,357200000
2014-08-14,16657.3203125,16994.890625,16575.419921875,16979.130859375,16979.130859375,376400000
2014-08-21,16983.880859375,17153.80078125,16983.880859375,17122.009765625,17122.009765625,299290000
2014-08-28,17119.060546875,17151.890625,17009.0703125,17078.279296875,17078.279296875,260950000
2014-09-04,17083.609375,17161.55078125,16974.5703125,17068.7109375,17068.7109375,356200000
2014-09-11,17057.41015625,17221.109375,16937.669921875,17156.849609375,17156.849609375,379220000
2014-09-18,17163.73046875,17350.640625,17033.9296875,17210.060546875,17210.060546875,666840000
2014-09-25,17204.859375,17204.859375,16776.130859375,16804.7109375,16804.7109375,444940000
2014-10-02,16808.26953125,17099.390625,16663.259765625,16994.220703125,16994.220703125,1005230000
2014-10-09,16989.369140625,16989.369140625,15855.1201171875,16141.740234375,16141.740234375,608200000
2014-10-16,16137.1396484375,16653.890625,15935.2197265625,16461.3203125,16461.3203125,561060000
2014-10-23,16468.0703125,17065.5,16468.0703125,16974.310546875,16974.310546875,422720000
2014-10-30,16968.140625,17486.58984375,16920.759765625,17484.529296875,17484.529296875,439240000
2014-11-06,17491.66015625,17638.2109375,17440.349609375,17612.19921875,17612.19921875,353820000
2014-11-13,17618.689453125,17735.7109375,17583.880859375,17685.73046875,17685.73046875,384920000
2014-11-20,17677.3203125,17894.830078125,17603.890625,17827.75,17827.75,459830000
2014-11-27,17830.55078125,17924.150390625,17726.55078125,17912.619140625,17912.619140625,348230000
2014-12-04,17910.01953125,17991.189453125,17508.099609375,17533.150390625,17533.150390625,459560000
2014-12-11,17534.30078125,17758.509765625,17067.58984375,17356.869140625,17356.869140625,560960000
2014-12-18,17367.849609375,18086.240234375,17367.849609375,18030.2109375,18030.2109375,691850000
2014-12-25,18038.30078125,18103.44921875,17820.880859375,17823.0703125,17823.0703125,236770000
2015-01-01,17823.0703125,17951.779296875,17262.369140625,17584.51953125,17584.51953125,385330000
2015-01-08,17591.970703125,17923.009765625,17264.900390625,17427.08984375,17427.08984375,509320000
2015-01-15,17436.30078125,17599.580078125,17243.55078125,17554.279296875,17554.279296875,450130000
2015-01-22,17557.2890625,17840.890625,17189.0,17191.369140625,17191.369140625,548230000
2015-01-29,17195.2890625,17782.220703125,17037.759765625,17673.01953125,17673.01953125,603760000
2015-02-05,17677.259765625,17951.08984375,17677.259765625,17862.140625,17862.140625,434910000
2015-02-12,17862.140625,18052.009765625,17862.140625,18029.849609375,18029.849609375,376240000
2015-02-19,18028.669921875,18244.380859375,17878.369140625,18224.5703125,18224.5703125,433980000
2015-02-26,18224.41015625,18288.630859375,18029.5,18096.900390625,18096.900390625,437130000
2015-03-05,18096.900390625,18160.349609375,17627.0,17635.390625,17635.390625,497580000
2015-03-12,17626.83984375,18097.119140625,17620.490234375,18076.189453125,18076.189453125,540440000
2015-03-19,18072.580078125,18205.9296875,17718.5390625,17718.5390625,17718.5390625,733470000
2015-03-26,17716.26953125,18008.640625,17579.26953125,17698.1796875,17698.1796875,547830000
2015-04-02,17699.51953125,17983.119140625,17646.80078125,17902.509765625,17902.509765625,337190000
2015-04-09,17902.509765625,18160.51953125,17823.099609375,18112.609375,18112.609375,519680000
2015-04-16,18106.26953125,18169.259765625,17748.529296875,18038.26953125,18038.26953125,517980000
2015-04-23,18031.900390625,18175.560546875,17917.359375,18035.529296875,18035.529296875,567490000
2015-04-30,18033.330078125,18133.759765625,17733.119140625,17841.98046875,17841.98046875,502660000
2015-05-07,17840.25,18205.23046875,17796.939453125,18060.490234375,18060.490234375,436380000
2015-05-14,18062.490234375,18351.359375,18062.490234375,18285.400390625,18285.400390625,446270000
2015-05-21,18285.869140625,18314.890625,17990.01953125,18162.990234375,18162.990234375,369000000
2015-05-28,18154.140625,18168.08984375,17925.330078125,18076.26953125,18076.26953125,443630000
2015-06-04,18072.470703125,18087.150390625,17714.970703125,18000.400390625,18000.400390625,456440000
2015-06-11,18001.26953125,18109.76953125,17698.419921875,17935.740234375,17935.740234375,435090000
2015-06-18,17944.609375,18188.810546875,17944.609375,17966.0703125,17966.0703125,611490000
2015-06-25,17977.109375,18036.099609375,17576.5,17757.91015625,17757.91015625,566920000
2015-07-02,17763.3203125,17825.490234375,17465.6796875,17515.419921875,17515.419921875,348880000
2015-07-09,17530.380859375,18090.390625,17530.380859375,18050.169921875,18050.169921875,429900000
2015-07-16,18078.16015625,18137.119140625,17807.41015625,17851.0390625,17851.0390625,479140000
2015-07-23,17853.779296875,17860.94921875,17399.169921875,17751.390625,17751.390625,506520000
2015-07-30,17743.240234375,17783.58984375,17492.900390625,17540.470703125,17540.470703125,472160000
2015-08-06,17542.609375,17629.130859375,17125.810546875,17402.509765625,17402.509765625,493810000
2015-08-13,17401.640625,17568.400390625,17282.419921875,17348.73046875,17348.73046875,428670000
2015-08-20,17345.3203125,17345.3203125,15370.330078125,16285.509765625,16285.509765625,1069260000
2015-08-27,16285.509765625,16669.970703125,15979.9501953125,16351.3798828125,16351.3798828125,750080000
2015-09-03,16364.33984375,16664.650390625,16026.6103515625,16253.5703125,16253.5703125,479660000
2015-09-10,16252.5703125,16755.98046875,16212.080078125,16739.94921875,16739.94921875,512650000
2015-09-17,16738.080078125,16933.4296875,16211.98046875,16279.8896484375,16279.8896484375,767060000
2015-09-24,16257.1103515625,16465.23046875,15942.3701171875,16284.7001953125,16284.7001953125,659840000
2015-10-01,16278.6201171875,16963.30078125,16013.66015625,16912.2890625,16912.2890625,611650000
2015-10-08,16904.169921875,17172.810546875,16859.33984375,16924.75,16924.75,496470000
2015-10-15,16944.859375,17314.990234375,16933.5703125,17168.609375,17168.609375,601040000
2015-10-22,17180.880859375,17779.94921875,17180.880859375,17779.51953125,17779.51953125,656760000
2015-10-29,17771.5,17977.849609375,17655.01953125,17867.580078125,17867.580078125,532570000
2015-11-05,17871.25,17929.509765625,17657.720703125,17702.220703125,17702.220703125,531440000
2015-11-12,17691.9296875,17752.16015625,17210.4296875,17737.16015625,17737.16015625,659890000
2015-11-19,17739.830078125,17914.33984375,17681.98046875,17813.390625,17813.390625,612160000
2015-11-26,17806.0390625,17901.580078125,17708.19921875,17729.6796875,17729.6796875,444840000
2015-12-03,17741.5703125,17866.470703125,17403.509765625,17492.30078125,17492.30078125,600050000
2015-12-10,17493.169921875,17784.359375,17138.470703125,17749.08984375,17749.08984375,631580000
2015-12-17,17756.5390625,17796.759765625,17116.73046875,17602.609375,17602.609375,759640000
2015-12-24,17593.259765625,17750.01953125,17437.33984375,17603.869140625,17603.869140625,229740000
2015-12-31,17590.66015625,17590.66015625,16817.619140625,16906.509765625,16906.509765625,467750000
2016-01-07,16888.359375,16888.359375,16123.2001953125,16151.41015625,16151.41015625,716890000
2016-01-14,16159.009765625,16482.05078125,15450.5595703125,15766.740234375,15766.740234375,734270000
2016-01-21,15768.8701171875,16235.0302734375,15704.66015625,15944.4599609375,15944.4599609375,670800000
2016-01-28,15960.2802734375,16510.98046875,15863.7197265625,16336.66015625,16336.66015625,730590000
2016-02-04,16329.669921875,16485.83984375,15803.5498046875,15914.740234375,15914.740234375,686410000
2016-02-11,15897.8203125,16486.119140625,15503.009765625,16453.830078125,16453.830078125,570730000
2016-02-18,16483.759765625,16664.240234375,16165.8603515625,16484.990234375,16484.990234375,533320000
2016-02-25,16504.380859375,16900.169921875,16458.419921875,16899.3203125,16899.3203125,528340000
2016-03-03,16896.169921875,17099.25,16820.73046875,17000.359375,17000.359375,523380000
2016-03-10,17006.05078125,17379.1796875,16821.859375,17325.759765625,17325.759765625,548880000
2016-03-17,17321.380859375,17648.939453125,17297.650390625,17502.58984375,17502.58984375,703320000
2016-03-24,17485.330078125,17790.109375,17399.009765625,17716.66015625,17716.66015625,320050000
2016-03-31,17716.05078125,17811.48046875,17542.5390625,17716.05078125,17716.05078125,507360000
2016-04-07,17687.279296875,17918.349609375,17484.23046875,17908.279296875,17908.279296875,449940000
2016-04-14,17912.25,18167.630859375,17848.220703125,18096.26953125,18096.26953125,482090000
2016-04-21,18092.83984375,18107.2890625,17855.55078125,18041.55078125,18041.55078125,522270000
2016-04-28,18023.880859375,18035.73046875,17609.009765625,17651.259765625,17651.259765625,509770000
2016-05-05,17664.48046875,17934.609375,17580.380859375,17711.119140625,17711.119140625,410320000
2016-05-12,17711.119140625,17798.189453125,17418.2109375,17526.619140625,17526.619140625,446020000
2016-05-19,17514.16015625,17891.7109375,17331.0703125,17851.509765625,17851.509765625,460970000
2016-05-26,17859.51953125,17899.240234375,17664.7890625,17789.669921875,17789.669921875,368050000
2016-06-02,17789.05078125,18016.0,17689.6796875,18005.05078125,18005.05078125,379710000
2016-06-09,17969.98046875,18005.220703125,17595.7890625,17640.169921875,17640.169921875,449790000
2016-06-16,17602.23046875,17946.359375,17471.2890625,17780.830078125,17780.830078125,614580000
2016-06-23,17844.109375,18011.0703125,17063.080078125,17694.6796875,17694.6796875,694380000
2016-06-30,17712.759765625,18002.380859375,17711.80078125,17918.619140625,17918.619140625,411840000
2016-07-07,17924.240234375,18390.16015625,17816.650390625,18372.119140625,18372.119140625,427000000
2016-07-14,18414.30078125,18622.009765625,18414.30078125,18595.029296875,18595.029296875,465350000
2016-07-21,18589.9609375,18590.439453125,18387.220703125,18472.169921875,18472.169921875,448060000
2016-07-28,18461.009765625,18483.259765625,18247.7890625,18355.0,18355.0,449000000
2016-08-04,18351.4296875,18585.3203125,18325.169921875,18495.66015625,18495.66015625,351600000
2016-08-11,18519.080078125,18722.609375,18468.6796875,18573.939453125,18573.939453125,333970000
2016-08-18,18566.5390625,18631.599609375,18448.26953125,18481.48046875,18481.48046875,383620000
2016-08-25,18471.2109375,18572.08984375,18333.560546875,18400.880859375,18400.880859375,374860000
2016-09-01,18396.5703125,18551.5390625,18295.48046875,18526.140625,18526.140625,300410000
2016-09-08,18486.689453125,18506.240234375,17992.2109375,18034.76953125,18034.76953125,509180000
2016-09-15,18024.91015625,18307.4296875,18015.490234375,18293.69921875,18293.69921875,622690000
2016-09-22,18343.759765625,18449.880859375,18052.16015625,18339.240234375,18339.240234375,437490000
2016-09-29,18322.880859375,18369.619140625,18091.640625,18281.029296875,18281.029296875,455770000
2016-10-06,18280.419921875,18399.9609375,18061.9609375,18144.19921875,18144.19921875,394290000
2016-10-13,18088.3203125,18261.109375,17959.94921875,18202.619140625,18202.619140625,408810000
2016-10-20,18161.869140625,18275.0390625,18049.76953125,18199.330078125,18199.330078125,464710000
2016-10-27,18234.810546875,18257.060546875,17931.890625,17959.640625,17959.640625,491350000
2016-11-03,17978.75,18650.060546875,17883.560546875,18589.689453125,18589.689453125,522000000
2016-11-10,18603.140625,18934.05078125,18603.140625,18868.140625,18868.140625,571920000
2016-11-17,18866.220703125,19083.759765625,18845.26953125,19083.1796875,19083.1796875,443530000
2016-11-24,19093.720703125,19225.2890625,19062.220703125,19123.580078125,19123.580078125,380430000
2016-12-01,19149.19921875,19558.419921875,19138.7890625,19549.619140625,19549.619140625,1181680000
2016-12-08,19559.939453125,19966.4296875,19527.830078125,19792.529296875,19792.529296875,1789550000
2016-12-15,19811.5,19987.630859375,19811.5,19941.9609375,19941.9609375,1773850000
2016-12-22,19922.6796875,19981.109375,19827.310546875,19833.6796875,19833.6796875,763440000
2016-12-29,19835.4609375,19956.140625,19718.669921875,19942.16015625,19942.16015625,1063140000
2017-01-05,19924.560546875,19999.630859375,19811.119140625,19954.279296875,19954.279296875,1470690000
2017-01-12,19926.2109375,19952.029296875,19739.0,19804.720703125,19804.720703125,1191730000
2017-01-19,19813.55078125,20082.0,19677.939453125,20068.509765625,20068.509765625,1810400000
2017-01-26,20076.25,20125.580078125,19784.76953125,19890.939453125,19890.939453125,1817560000
2017-02-02,19858.33984375,20155.349609375,19831.08984375,20054.33984375,20054.33984375,1533240000
2017-02-09,20061.73046875,20620.44921875,20061.73046875,20611.859375,20611.859375,1693120000
2017-02-16,20627.310546875,20781.58984375,20532.609375,20775.599609375,20775.599609375,1342150000
2017-02-23,20817.2109375,21169.109375,20733.94921875,21115.55078125,21115.55078125,1583220000
2017-03-02,21128.91015625,21129.19921875,20835.580078125,20855.73046875,20855.73046875,1412360000
2017-03-09,20864.3203125,20977.470703125,20777.16015625,20950.099609375,20950.099609375,1434060000
2017-03-16,20969.26953125,21000.109375,20578.94921875,20661.30078125,20661.30078125,1747660000
2017-03-23,20645.0703125,20757.890625,20412.80078125,20659.3203125,20659.3203125,1380400000
2017-03-30,20662.7890625,20887.5,20517.8203125,20648.150390625,20648.150390625,1382710000
2017-04-06,20653.76953125,20750.330078125,20512.560546875,20591.859375,20591.859375,1224720000
2017-04-13,20561.689453125,20644.41015625,20379.55078125,20404.490234375,20404.490234375,1023020000
2017-04-20,20406.6796875,21070.900390625,20406.6796875,20975.08984375,20975.08984375,1701170000
2017-04-27,20991.119140625,21005.80078125,20874.1796875,20957.900390625,20957.900390625,1573570000
2017-05-04,20987.830078125,21046.849609375,20847.94921875,20943.109375,20943.109375,1368170000
2017-05-11,20925.720703125,21033.529296875,20601.080078125,20606.9296875,20606.9296875,1624130000
2017-05-18,20579.650390625,21022.8203125,20553.44921875,21012.419921875,21012.419921875,1592020000
2017-05-25,21062.9609375,21112.3203125,20942.5703125,21008.650390625,21008.650390625,1091360000
2017-06-01,21030.55078125,21225.0390625,20994.220703125,21173.689453125,21173.689453125,1433170000
2017-06-08,21169.759765625,21391.970703125,21138.16015625,21374.560546875,21374.560546875,1874210000
2017-06-15,21291.689453125,21535.029296875,21261.869140625,21410.029296875,21410.029296875,1812560000
2017-06-22,21407.98046875,21506.2109375,21310.66015625,21454.609375,21454.609375,1444640000
2017-06-29,21487.380859375,21562.75,21197.080078125,21478.169921875,21478.169921875,1110510000
2017-07-06,21423.9296875,21580.7890625,21279.30078125,21532.140625,21532.140625,1348470000
2017-07-13,21537.189453125,21681.529296875,21471.140625,21640.75,21640.75,1216790000
2017-07-20,21641.5390625,21742.69921875,21496.130859375,21711.009765625,21711.009765625,1543400000
2017-07-27,21717.419921875,22036.099609375,21687.849609375,22016.240234375,22016.240234375,1665790000
2017-08-03,22007.580078125,22179.109375,21991.3203125,22048.69921875,22048.69921875,1285180000
2017-08-10,21988.19921875,22085.7109375,21842.740234375,22024.869140625,22024.869140625,1310120000
2017-08-17,21984.740234375,21984.740234375,21600.33984375,21812.08984375,21812.08984375,1377770000
2017-08-24,21839.900390625,21914.259765625,21673.580078125,21892.4296875,21892.4296875,1134970000
2017-08-31,21936.009765625,22038.970703125,21709.630859375,21807.640625,21807.640625,1284630000
2017-09-07,21820.380859375,22158.1796875,21731.119140625,22158.1796875,22158.1796875,1592450000
2017-09-14,22144.9609375,22413.259765625,22135.259765625,22412.58984375,22412.58984375,1758190000
2017-09-21,22414.01953125,22419.509765625,22219.109375,22340.7109375,22340.7109375,1545850000
2017-09-28,22306.830078125,22685.939453125,22288.970703125,22661.640625,22661.640625,1280890000
2017-10-05,22669.080078125,22872.890625,22655.140625,22872.890625,22872.890625,1413890000
2017-10-12,22854.849609375,23172.9296875,22821.130859375,23157.599609375,23157.599609375,1343490000
2017-10-19,23107.470703125,23485.25,23052.669921875,23329.4609375,23329.4609375,2088020000
2017-10-26,23380.890625,23517.7109375,23327.869140625,23435.009765625,23435.009765625,2075680000
2017-11-02,23463.240234375,23602.119140625,23350.98046875,23563.359375,23563.359375,1535230000
2017-11-09,23492.08984375,23516.740234375,23242.75,23271.279296875,23271.279296875,2113610000
2017-11-16,23365.33984375,23617.80078125,23356.009765625,23526.1796875,23526.1796875,1701760000
2017-11-23,23552.75,23959.759765625,23545.01953125,23940.6796875,23940.6796875,1135580000
2017-11-30,24013.80078125,24534.0390625,23921.900390625,24140.91015625,24140.91015625,2014270000
2017-12-07,24116.599609375,24666.01953125,24101.240234375,24585.4296875,24585.4296875,1580730000
2017-12-14,24631.009765625,24876.0703125,24508.66015625,24726.650390625,24726.650390625,1982520000
2017-12-21,24778.259765625,24850.91015625,24708.419921875,24774.30078125,24774.30078125,1028850000
2017-12-28,24807.2109375,24941.919921875,24719.220703125,24922.6796875,24922.6796875,1269640000
2018-01-04,24964.859375,25439.779296875,24963.26953125,25369.130859375,25369.130859375,1777650000
2018-01-11,25398.599609375,26130.44921875,25396.189453125,26115.650390625,26115.650390625,1852460000
2018-01-18,26149.55078125,26392.80078125,25942.830078125,26252.119140625,26252.119140625,2461260000
2018-01-25,26313.060546875,26616.7109375,26028.419921875,26149.390625,26149.390625,2227630000
2018-02-01,26083.0390625,26306.69921875,23778.740234375,24893.349609375,24893.349609375,2976510000
2018-02-08,24902.30078125,24925.94921875,23360.2890625,24893.490234375,24893.490234375,2694710000
2018-02-15,25047.8203125,25432.419921875,24792.990234375,24797.779296875,24797.779296875,1701090000
2018-02-22,24855.41015625,25800.349609375,24854.830078125,25029.19921875,25029.19921875,2077940000
2018-03-01,25024.0390625,25185.349609375,24217.759765625,24801.359375,24801.359375,2053160000
2018-03-08,24853.41015625,25449.150390625,24668.830078125,24758.119140625,24758.119140625,1866160000
2018-03-15,24837.2890625,25053.869140625,24453.140625,24682.310546875,24682.310546875,2034280000
2018-03-22,24526.009765625,24526.009765625,23509.060546875,23848.419921875,23848.419921875,2455890000
2018-03-29,23949.1796875,24314.30078125,23344.51953125,24264.30078125,24264.30078125,1756040000
2018-04-05,24313.91015625,24622.259765625,23738.19921875,24189.44921875,24189.44921875,1779520000
2018-04-12,24302.8203125,24858.970703125,24243.740234375,24748.0703125,24748.0703125,1617530000
2018-04-19,24711.30078125,24762.48046875,23823.080078125,24083.830078125,24083.830078125,2175190000
2018-04-26,24128.720703125,24498.23046875,23808.189453125,23924.98046875,23924.98046875,1965240000
2018-05-03,23836.23046875,24586.48046875,23531.310546875,24542.5390625,24542.5390625,1732910000
2018-05-10,24591.66015625,24994.189453125,24575.91015625,24768.9296875,24768.9296875,1443930000
2018-05-17,24752.400390625,25086.490234375,24639.400390625,24886.810546875,24886.810546875,1581080000
2018-05-24,24877.359375,24877.359375,24247.83984375,24667.779296875,24667.779296875,1324940000
2018-05-31,24620.7890625,25146.4609375,24352.150390625,25146.390625,25146.390625,1708280000
2018-06-07,25192.140625,25402.830078125,25164.48046875,25201.19921875,25201.19921875,1547380000
2018-06-14,25254.650390625,25332.5,24567.75,24657.80078125,24657.80078125,2073510000
2018-06-21,24639.2109375,24663.1796875,24084.390625,24117.58984375,24117.58984375,1877590000
2018-06-28,24064.189453125,24509.51953125,23997.2109375,24174.8203125,24174.8203125,1039160000
2018-07-05,24285.8203125,24945.380859375,24177.439453125,24700.44921875,24700.44921875,1170110000
2018-07-12,24802.900390625,25215.3203125,24802.900390625,25199.2890625,25199.2890625,1223260000
2018-07-19,25139.150390625,25432.869140625,24983.330078125,25414.099609375,25414.099609375,1337270000
2018-07-26,25468.55078125,25587.240234375,25278.3203125,25333.8203125,25333.8203125,1588670000
2018-08-02,25256.44921875,25692.720703125,25120.0703125,25583.75,25583.75,1243390000
2018-08-09,25589.7890625,25613.310546875,24965.76953125,25162.41015625,25162.41015625,1184460000
2018-08-16,25294.970703125,25888.8203125,25294.970703125,25733.599609375,25733.599609375,1317260000
2018-08-23,25714.859375,26167.939453125,25608.01953125,26124.5703125,26124.5703125,1060540000
2018-08-30,26099.009765625,26104.369140625,25805.94921875,25974.990234375,25974.990234375,1057690000
2018-09-06,25973.01953125,26145.720703125,25754.3203125,25998.919921875,25998.919921875,1344630000
2018-09-13,26083.939453125,26464.41015625,26030.349609375,26405.759765625,26405.759765625,1214000000
2018-09-20,26519.390625,26769.16015625,26349.33984375,26385.279296875,26385.279296875,1669680000
2018-09-27,26418.26953125,26951.810546875,26379.94921875,26828.390625,26828.390625,1267120000
2018-10-04,26784.080078125,26793.8203125,25567.099609375,25598.740234375,25598.740234375,1550480000
2018-10-11,25518.390625,25817.6796875,24899.76953125,25706.6796875,25706.6796875,1811720000
2018-10-18,25645.560546875,25691.4609375,24533.189453125,24583.419921875,24583.419921875,1926600000
2018-10-25,24736.5390625,25336.55078125,24122.23046875,25115.759765625,25115.759765625,2307810000
2018-11-01,25142.080078125,26200.140625,25078.720703125,26180.30078125,26180.30078125,1775420000
2018-11-08,26139.58984375,26277.8203125,24935.8203125,25080.5,25080.5,1690940000
2018-11-15,25061.48046875,25510.23046875,24368.98046875,24464.689453125,24464.689453125,1840590000
2018-11-22,24336.400390625,25368.9296875,24268.740234375,25366.4296875,25366.4296875,1132630000
2018-11-29,25343.650390625,25980.2109375,25008.109375,25027.0703125,25027.0703125,1594740000
2018-12-06,24737.419921875,25095.619140625,23881.369140625,24527.26953125,24527.26953125,1946900000
2018-12-13,24575.859375,24740.9609375,23162.640625,23323.66015625,23323.66015625,2095270000
2018-12-20,23224.119140625,23282.19921875,21712.529296875,22878.44921875,22878.44921875,2218710000
2018-12-27,22629.060546875,23413.470703125,22267.419921875,23346.240234375,23346.240234375,1354850000
2019-01-03,23176.390625,24084.7109375,22638.41015625,23879.119140625,23879.119140625,1796450000
2019-01-10,23811.109375,24288.609375,23703.25,24207.16015625,24207.16015625,1472760000
2019-01-17,24147.08984375,24750.220703125,24088.900390625,24575.619140625,24575.619140625,1318640000
2019-01-24,24579.9609375,25109.619140625,24323.939453125,25014.859375,25014.859375,1772430000
2019-01-31,24954.48046875,25439.0390625,24842.08984375,25390.30078125,25390.30078125,1736220000
2019-02-07,25265.810546875,25625.94921875,24883.0390625,25543.26953125,25543.26953125,1326810000
2019-02-14,25460.650390625,25986.19921875,25308.08984375,25954.439453125,25954.439453125,1210040000
2019-02-21,25922.41015625,26241.419921875,25762.2109375,25985.16015625,25985.16015625,1330300000
2019-02-28,25984.279296875,26155.98046875,25611.55078125,25673.4609375,25673.4609375,1432430000
2019-03-07,25645.44921875,25776.490234375,25208.0,25702.890625,25702.890625,1518570000
2019-03-14,25692.310546875,26109.6796875,25621.310546875,25745.669921875,25745.669921875,1887100000
2019-03-21,25688.439453125,26009.900390625,25372.259765625,25625.58984375,25625.58984375,1600330000
2019-03-28,25693.3203125,26282.169921875,25576.689453125,26218.130859375,26218.130859375,1356280000
2019-04-04,26213.419921875,26487.5703125,26101.240234375,26157.16015625,26157.16015625,1139510000
2019-04-11,26188.2109375,26530.7109375,26062.58984375,26449.5390625,26449.5390625,1502330000
2019-04-18,26463.369140625,26695.9609375,26444.529296875,26597.05078125,26597.05078125,1160480000
2019-04-25,26426.369140625,26689.390625,26310.279296875,26430.140625,26430.140625,1537640000
2019-05-02,26407.150390625,26534.9609375,25789.7109375,25967.330078125,25967.330078125,1430910000
2019-05-09,25878.849609375,26019.3203125,25222.509765625,25648.01953125,25648.01953125,1552870000
2019-05-16,25692.140625,25957.630859375,25560.55078125,25776.609375,25776.609375,1386910000
2019-05-23,25657.990234375,25717.630859375,24938.240234375,25126.41015625,25126.41015625,1176220000
2019-05-30,25139.939453125,25544.66015625,24680.5703125,25539.5703125,25539.5703125,1380060000
2019-06-06,25567.44921875,26248.669921875,25518.05078125,26004.830078125,26004.830078125,1237540000
2019-06-13,26036.939453125,26569.75,25988.08984375,26504.0,26504.0,1135360000
2019-06-20,26665.380859375,26907.369140625,26527.66015625,26536.8203125,26536.8203125,1552620000
2019-06-27,26523.720703125,26966.0,26465.3203125,26966.0,26966.0,1383060000
2019-07-04,26867.75,26983.44921875,26665.5703125,26860.19921875,26860.19921875,832780000
2019-07-11,26950.16015625,27398.6796875,26916.3203125,27219.849609375,27219.849609375,1120350000
2019-07-18,27191.98046875,27368.810546875,27068.7890625,27269.970703125,27269.970703125,1213240000
2019-07-25,27247.390625,27298.4296875,26719.599609375,26864.26953125,26864.26953125,1404320000
2019-08-01,26879.859375,27175.58984375,25440.390625,26007.0703125,26007.0703125,1799150000
2019-08-08,26086.51953125,26426.970703125,25471.58984375,25479.419921875,25479.419921875,1383330000
2019-08-15,25514.25,26268.3203125,25339.599609375,26202.73046875,26202.73046875,1308340000
2019-08-22,26271.640625,26388.779296875,25507.1796875,26036.099609375,26036.099609375,1280450000
2019-08-29,26249.08984375,26514.619140625,25978.220703125,26355.470703125,26355.470703125,850730000
2019-09-05,26603.150390625,27137.0390625,26603.150390625,27137.0390625,27137.0390625,1334420000
2019-09-12,27197.3203125,27306.73046875,26899.150390625,27147.080078125,27147.080078125,1162330000
2019-09-19,27186.05078125,27272.169921875,26704.9609375,26970.7109375,26970.7109375,1453210000
2019-09-26,27004.109375,27046.2109375,25974.119140625,26078.619140625,26078.619140625,1239390000
2019-10-03,26039.01953125,26655.83984375,25743.4609375,26346.009765625,26346.009765625,1092770000
2019-10-10,26317.349609375,27120.109375,26314.509765625,27001.98046875,27001.98046875,1138550000
2019-10-17,27032.380859375,27112.16015625,26745.0,26833.94921875,26833.94921875,1265730000
2019-10-24,26893.9296875,27204.359375,26714.33984375,27186.689453125,27186.689453125,1320330000
2019-10-31,27188.369140625,27560.359375,26918.2890625,27492.560546875,27492.560546875,1341990000
2019-11-07,27590.16015625,27806.400390625,27517.669921875,27783.58984375,27783.58984375,1174870000
2019-11-14,27757.19921875,28090.2109375,27675.279296875,27821.08984375,27821.08984375,1344040000
2019-11-21,27820.279296875,28174.970703125,27708.33984375,28164.0,28164.0,1217480000
2019-11-28,28103.16015625,28119.509765625,27325.130859375,27649.779296875,27649.779296875,850790000
2019-12-05,27736.05078125,28035.849609375,27562.80078125,27911.30078125,27911.30078125,1075670000
2019-12-12,27898.33984375,28337.490234375,27859.869140625,28239.279296875,28239.279296875,1391830000
2019-12-19,28278.310546875,28608.640625,28278.240234375,28515.44921875,28515.44921875,1176030000
2019-12-26,28539.4609375,28701.66015625,28376.490234375,28538.439453125,28538.439453125,713190000
2020-01-02,28638.970703125,28872.80078125,28418.630859375,28745.08984375,28745.08984375,1294820000
2020-01-09,28851.970703125,29127.58984375,28789.099609375,29030.220703125,29030.220703125,1310430000
2020-01-16,29131.94921875,29373.619140625,29131.94921875,29186.26953125,29186.26953125,1178010000
2020-01-23,29111.01953125,29288.7890625,28440.470703125,28734.44921875,28734.44921875,1656770000
2020-01-30,28640.16015625,29308.890625,28169.529296875,29290.849609375,29290.849609375,1728940000
2020-02-06,29388.580078125,29568.5703125,28995.66015625,29551.419921875,29551.419921875,1356140000
2020-02-13,29436.029296875,29535.400390625,29116.810546875,29348.029296875,29348.029296875,1019390000
2020-02-20,29296.25,29368.44921875,26890.970703125,26957.58984375,26957.58984375,2037290000
2020-02-27,26526.0,27102.33984375,24681.009765625,27090.859375,27090.859375,3322840000
2020-03-05,26671.919921875,26671.919921875,23328.3203125,23553.220703125,23553.220703125,3146400000
2020-03-12,22184.7109375,23189.759765625,18917.4609375,19898.919921875,19898.919921875,4185890000
2020-03-19,19830.009765625,22019.9296875,18213.650390625,21200.55078125,21200.55078125,4036220000
2020-03-26,21468.380859375,22595.060546875,20784.4296875,20943.509765625,20943.509765625,2917440000
2020-04-02,20819.4609375,23617.240234375,20735.01953125,23433.5703125,23433.5703125,2657710000
2020-04-09,23690.66015625,24040.580078125,23095.349609375,23504.349609375,23504.349609375,1884260000
2020-04-16,23543.66015625,24264.2109375,22941.880859375,23475.8203125,23475.8203125,2258430000
2020-04-23,23543.08984375,24764.76953125,23417.6796875,24633.859375,24633.859375,2010240000
2020-04-30,24585.5703125,24585.5703125,23361.16015625,23664.640625,23664.640625,2008520000
2020-05-07,23837.2109375,24382.08984375,23067.640625,23247.970703125,23247.970703125,1887480000
2020-05-14,23049.060546875,24708.5390625,22789.619140625,24575.900390625,24575.900390625,2189010000
2020-05-21,24564.26953125,25551.560546875,24294.0703125,25548.26953125,25548.26953125,1438040000
2020-05-28,25697.359375,26337.75,25031.669921875,26269.890625,26269.890625,1995130000
2020-06-04,26226.490234375,27580.2109375,26082.310546875,26989.990234375,26989.990234375,2175060000
2020-06-11,26282.509765625,26611.029296875,24843.1796875,26119.609375,26119.609375,2441780000
2020-06-18,26016.44921875,26451.439453125,25296.73046875,25445.939453125,25445.939453125,2189660000
2020-06-25,25365.220703125,26019.310546875,24971.029296875,25734.970703125,25734.970703125,2187450000
2020-07-02,25936.44921875,26297.529296875,25778.119140625,26067.279296875,26067.279296875,1373940000
2020-07-09,26094.919921875,27071.330078125,25523.509765625,26870.099609375,26870.099609375,1937640000
2020-07-16,26746.5703125,27035.240234375,26504.19921875,27005.83984375,27005.83984375,1662450000
2020-07-23,26955.970703125,26973.849609375,26361.7109375,26539.5703125,26539.5703125,2023570000
2020-07-30,26367.419921875,27221.669921875,25992.279296875,27201.51953125,27201.51953125,1991320000
2020-08-06,27170.8203125,28154.880859375,27145.25,27976.83984375,27976.83984375,1772400000
2020-08-13,27922.509765625,27999.810546875,27647.669921875,27692.880859375,27692.880859375,1510190000
2020-08-20,27622.6796875,28400.740234375,27526.25,28331.919921875,28331.919921875,1726640000
2020-08-27,28384.0703125,29162.880859375,28290.720703125,29100.5,29100.5,2254320000
2020-09-03,29090.69921875,29199.349609375,27464.900390625,27940.470703125,27940.470703125,2386170000
2020-09-10,28022.509765625,28364.76953125,27447.080078125,28032.380859375,28032.380859375,2090100000
2020-09-17,27834.1796875,28056.7890625,26715.150390625,26763.130859375,26763.130859375,2539790000
2020-09-24,26716.08984375,28026.330078125,26537.009765625,27781.69921875,27781.69921875,1994940000
2020-10-01,27940.630859375,28369.66015625,27382.939453125,28303.4609375,28303.4609375,1848210000
2020-10-08,28348.859375,28957.900390625,28265.560546875,28514.0,28514.0,2029390000
2020-10-15,28323.400390625,28842.900390625,28139.400390625,28210.8203125,28210.8203125,1693420000
2020-10-22,28197.419921875,28436.51953125,26497.390625,26519.94921875,26519.94921875,1944320000
2020-10-29,26480.98046875,28301.5,26143.76953125,27847.66015625,27847.66015625,2103420000
2020-11-05,28083.369140625,29933.830078125,28083.369140625,29397.630859375,29397.630859375,2293840000
2020-11-12,29231.91015625,29964.2890625,28902.130859375,29438.419921875,29438.419921875,1891650000
2020-11-19,29370.919921875,30116.509765625,29228.380859375,29872.470703125,29872.470703125,1779670000
2020-11-26,29911.330078125,30083.310546875,29463.640625,29883.7890625,29883.7890625,1543180000
2020-12-03,29920.830078125,30319.69921875,29877.26953125,30068.810546875,30068.810546875,1819790000
2020-12-10,30032.55078125,30325.7890625,29820.83984375,30154.5390625,30154.5390625,1853760000
2020-12-17,30216.0,30343.58984375,29755.529296875,30129.830078125,30129.830078125,2227940000
2020-12-24,30155.919921875,30588.7890625,30099.30078125,30409.560546875,30409.560546875,1097560000
2020-12-31,30417.640625,31022.650390625,29881.8203125,30829.400390625,30829.400390625,1610890000
2021-01-07,30901.1796875,31193.400390625,30793.26953125,31060.470703125,31060.470703125,1941370000
2021-01-14,31085.669921875,31235.98046875,30612.669921875,31188.380859375,31188.380859375,1632190000
2021-01-21,31198.009765625,31272.220703125,30206.91015625,30303.169921875,30303.169921875,2267330000
2021-01-28,30377.189453125,30951.41015625,29856.30078125,30723.599609375,30723.599609375,1987270000
2021-02-04,30737.779296875,31511.439453125,30737.779296875,31437.80078125,31437.80078125,1588790000
2021-02-11,31466.490234375,31643.69921875,31244.359375,31613.01953125,31613.01953125,1216130000
2021-02-18,31558.599609375,32009.640625,31158.759765625,31961.859375,31961.859375,1936830000
2021-02-25,31955.939453125,31984.76953125,30911.369140625,31270.08984375,31270.08984375,2118960000
2021-03-04,31289.009765625,32389.5,30547.529296875,32297.01953125,32297.01953125,2404440000
2021-03-11,32354.5,33047.578125,32345.69921875,33015.37109375,33015.37109375,1884070000
2021-03-18,32928.16015625,33227.78125,32356.279296875,32420.060546875,32420.060546875,2399100000
2021-03-25,32346.810546875,33259.0,32071.41015625,32981.55078125,32981.55078125,1867420000
2021-04-01,33054.578125,33617.94921875,32985.3515625,33446.26171875,33446.26171875,1227530000
2021-04-08,33469.890625,33911.25,33342.640625,33730.890625,33730.890625,1587630000
2021-04-15,33788.53125,34256.75,33687.01171875,34137.30859375,34137.30859375,1617240000
2021-04-22,34109.87890625,34157.5703125,33713.2890625,33820.37890625,33820.37890625,1595000000
2021-04-29,33855.640625,34331.19921875,33744.28125,34230.33984375,34230.33984375,1734150000
2021-05-06,34245.109375,35091.55859375,33555.21875,33587.66015625,33587.66015625,1774980000
2021-05-13,33624.73828125,34454.05078125,33473.80078125,33896.0390625,33896.0390625,1584030000
2021-05-20,33906.30078125,34511.3515625,33872.41015625,34323.05078125,34323.05078125,1422060000
2021-05-27,34432.46875,34849.3203125,34389.23828125,34600.37890625,34600.37890625,1362990000
2021-06-03,34550.30859375,34820.91015625,34334.41015625,34447.140625,34447.140625,1361090000
2021-06-10,34502.51171875,34737.7890625,33917.109375,34033.671875,34033.671875,1485260000
2021-06-17,34014.37890625,34091.7890625,33271.9296875,33874.23828125,33874.23828125,1775280000
2021-06-24,33933.91015625,34553.16015625,33933.91015625,34502.51171875,34502.51171875,1566620000
2021-07-01,34507.3203125,34821.9296875,34358.421875,34681.7890625,34681.7890625,1221270000
2021-07-08,34569.01171875,35069.1796875,34145.58984375,34933.23046875,34933.23046875,1599010000
2021-07-15,34924.80859375,35090.01171875,33741.76171875,34798.0,34798.0,1787980000
2021-07-22,34799.6796875,35150.37109375,34673.03125,34930.9296875,34930.9296875,1539220000
2021-07-29,34985.98828125,35192.109375,34714.328125,34792.671875,34792.671875,1242830000
2021-08-05,34815.609375,35501.16015625,34815.609375,35484.96875,35484.96875,1143840000
2021-08-12,35481.94140625,35631.19140625,34943.41015625,34960.69140625,34960.69140625,1360190000
2021-08-19,34874.671875,35501.140625,34690.25,35405.5,35405.5,1314570000
2021-08-26,35449.6796875,35510.7109375,35205.1015625,35312.53125,35312.53125,1328880000
2021-09-02,35353.05859375,35475.3984375,34925.609375,35031.0703125,35031.0703125,1036450000
2021-09-09,35013.078125,35199.890625,34510.30078125,34814.390625,34814.390625,1571380000
2021-09-16,34810.26953125,34943.55078125,33613.03125,34258.3203125,34258.3203125,1878240000
2021-09-23,34296.30078125,35061.12109375,34254.6484375,34390.71875,34390.71875,1497050000
2021-09-30,34467.98046875,34557.37109375,33785.5390625,34416.98828125,34416.98828125,1812960000
2021-10-07,34509.71875,34975.19140625,34115.1015625,34377.80859375,34377.80859375,1403420000
2021-10-14,34443.21875,35669.69140625,34443.21875,35609.33984375,35609.33984375,1523310000
2021-10-21,35520.3203125,35892.921875,35442.53125,35490.69140625,35490.69140625,1587990000
2021-10-28,35545.41015625,36178.51171875,35545.41015625,36157.578125,36157.578125,1596730000
2021-11-04,36107.4609375,36565.73046875,35986.48046875,36079.94140625,36079.94140625,1473050000
2021-11-11,36038.78125,36316.609375,35909.48046875,35931.05078125,35931.05078125,1510760000
2021-11-18,35901.69140625,35952.62890625,35542.87109375,35804.37890625,35804.37890625,1938210000
2021-11-25,35366.69140625,35366.69140625,34006.98046875,34022.0390625,34022.0390625,1915420000
2021-12-02,34076.25,35840.51953125,34076.25,35754.75,35754.75,2185760000
2021-12-09,35722.26171875,35982.69140625,35389.30078125,35927.4296875,35927.4296875,2020950000
2021-12-16,36036.28125,36189.828125,34665.5,35753.890625,35753.890625,2238700000
2021-12-23,35782.421875,36571.55078125,35782.421875,36488.62890625,36488.62890625,944340000
2021-12-30,36522.48046875,36952.6484375,36246.44921875,36407.109375,36407.109375,1663870000
2022-01-06,36409.05078125,36464.19140625,35639.91015625,36290.3203125,36290.3203125,1839710000
2022-01-13,36312.48828125,36513.87890625,35015.48828125,35028.6484375,35028.6484375,1553180000
2022-01-20,35102.66015625,35490.19921875,33150.328125,34168.08984375,34168.08984375,2609720000
2022-01-27,34261.75,35679.19921875,33807.51171875,35629.328125,35629.328125,2309910000
2022-02-03,35520.078125,35824.28125,34799.078125,35768.05859375,35768.05859375,1712610000
2022-02-10,35630.80859375,35800.23828125,34304.28125,34934.26953125,34934.26953125,1780880000
2022-02-17,34858.46875,34858.46875,33084.8984375,33131.76171875,33131.76171875,1565490000
2022-02-24,32830.328125,34095.73828125,32272.640625,33891.3515625,33891.3515625,2291590000
2022-03-03,33972.87109375,34179.0703125,32578.73046875,33286.25,33286.25,2238950000
2022-03-10,33106.76953125,34075.94140625,32818.16015625,34063.1015625,34063.1015625,1980110000
2022-03-17,33995.390625,34882.03125,33896.05859375,34358.5,34358.5,2079810000
2022-03-24,34406.80859375,35372.26171875,34355.421875,35228.80859375,35228.80859375,1582470000
2022-03-31,35201.51953125,35201.51953125,34277.171875,34496.51171875,34496.51171875,1780630000
2022-04-07,34439.23828125,34908.4609375,34102.80859375,34564.58984375,34564.58984375,1602050000
2022-04-14,34628.4609375,35315.3984375,34279.078125,35160.7890625,35160.7890625,1251760000
2022-04-21,35258.80078125,35492.21875,33108.890625,33301.9296875,33301.9296875,2003820000
2022-04-28,33425.9609375,34117.73828125,32449.869140625,34061.05859375,34061.05859375,2170810000
2022-05-05,33854.171875,33854.171875,31798.859375,31834.109375,31834.109375,2233460000
2022-05-12,31699.0390625,32689.140625,31228.220703125,31490.0703125,31490.0703125,2117160000
2022-05-19,31262.619140625,32254.439453125,30635.759765625,32120.279296875,32120.279296875,2141120000
2022-05-26,32248.169921875,33272.33984375,32248.169921875,32813.23046875,32813.23046875,1551760000
2022-06-02,32809.01171875,33248.609375,32509.4296875,32910.8984375,32910.8984375,1426010000
2022-06-09,32828.62109375,32956.73046875,30144.23046875,30668.529296875,30668.529296875,1883770000
2022-06-16,30305.740234375,30777.919921875,29653.2890625,30483.130859375,30483.130859375,1856130000
2022-06-23,30570.330078125,31885.08984375,30293.400390625,31029.310546875,31029.310546875,1756980000
2022-06-30,30790.0,31224.689453125,30355.119140625,31037.6796875,31037.6796875,1317390000
2022-07-07,31190.650390625,31511.4609375,30514.609375,30772.7890625,30772.7890625,1395780000
2022-07-14,30451.80078125,31944.44921875,30143.9296875,31874.83984375,31874.83984375,1648900000
2022-07-21,31826.490234375,32336.23046875,31534.080078125,32197.58984375,32197.58984375,1568060000
2022-07-28,32197.619140625,32972.03125,31982.609375,32812.5,32812.5,1798550000
2022-08-04,32805.69140625,33364.41015625,32489.619140625,33309.51171875,33309.51171875,1456770000
2022-08-11,33451.51171875,34281.359375,33289.828125,33980.3203125,33980.3203125,1439900000
2022-08-18,33981.859375,34043.828125,32828.55859375,32969.23046875,32969.23046875,1394210000
2022-08-25,33029.26953125,33364.69921875,31509.58984375,31510.4296875,31510.4296875,1689130000
2022-09-01,31454.580078125,32026.900390625,31048.4609375,31581.279296875,31581.279296875,1337940000
2022-09-08,31481.94921875,32504.0390625,30885.01953125,31135.08984375,31135.08984375,1772170000
2022-09-15,31124.6796875,31277.689453125,30181.990234375,30183.779296875,30183.779296875,1937550000
2022-09-22,30204.51953125,30302.279296875,28958.220703125,29683.740234375,29683.740234375,1884420000
2022-09-29,29513.73046875,30454.4609375,28715.849609375,30273.869140625,30273.869140625,1917160000
2022-10-06,30206.130859375,30329.609375,29010.41015625,29210.849609375,29210.849609375,1647540000
2022-10-13,28755.830078125,30837.900390625,28660.939453125,30423.810546875,30423.810546875,1920330000
2022-10-20,30411.919921875,32172.419921875,30206.279296875,31839.109375,31839.109375,1863750000
2022-10-27,32062.140625,33071.9296875,31993.2109375,32147.759765625,32147.759765625,1984080000
2022-11-03,31985.05078125,33355.390625,31727.05078125,32513.939453125,32513.939453125,1803650000
2022-11-10,33263.91015625,33987.05859375,33167.8203125,33553.828125,33553.828125,1954430000
2022-11-17,33329.26953125,34262.0703125,33239.75,34194.05859375,34194.05859375,1499010000
2022-11-24,34213.0390625,34589.76953125,33583.76953125,34589.76953125,34589.76953125,1236180000
2022-12-01,34533.58984375,34595.51171875,33418.58984375,33597.921875,33597.921875,1618460000
2022-12-08,33695.96875,34712.28125,33462.6484375,33966.3515625,33966.3515625,1654640000
2022-12-15,33773.0,33773.0,32581.970703125,33376.48046875,33376.48046875,2109020000
2022-12-22,33233.3515625,33387.71875,32573.4296875,32875.7109375,32875.7109375,1059960000
2022-12-29,33021.4296875,33409.1015625,32847.8203125,33269.76953125,33269.76953125,1273890000
2023-01-05,33191.71875,33974.69140625,32812.328125,33973.01171875,33973.01171875,1596410000
2023-01-12,34047.859375,34342.3203125,33269.8984375,33296.9609375,33296.9609375,1287020000
2023-01-19,33171.3515625,33782.921875,32948.9296875,33743.83984375,33743.83984375,1683350000
2023-01-26,33771.66015625,34334.69921875,33581.421875,34092.9609375,34092.9609375,1842540000
2023-02-02,34129.30078125,34240.0,33634.1015625,33949.01171875,33949.01171875,1837170000
2023-02-09,34105.609375,34331.46875,33591.98828125,34128.05078125,34128.05078125,1494620000
2023-02-16,33992.08984375,34041.16015625,32948.26953125,33045.08984375,33045.08984375,1290660000
2023-02-23,33175.390625,33272.3984375,32500.7109375,32661.83984375,32661.83984375,1405470000
2023-03-02,32780.96875,33572.21875,32612.69921875,32798.3984375,32798.3984375,1488840000
2023-03-09,32876.828125,32990.4609375,31429.8203125,31874.5703125,31874.5703125,1955410000
2023-03-16,31827.650390625,32761.890625,31571.4609375,32030.109375,32030.109375,2199430000
2023-03-23,32101.490234375,32728.0390625,31805.1796875,32717.599609375,32717.599609375,1506730000
2023-03-30,32807.4296875,33634.71875,32682.869140625,33482.71875,33482.71875,1519030000
2023-04-06,33420.9609375,33895.4296875,33325.37109375,33646.5,33646.5,993330000
2023-04-13,33668.96875,34082.94140625,33605.171875,33897.01171875,33897.01171875,1293540000
2023-04-20,33740.6015625,33891.1484375,33235.8515625,33301.87109375,33301.87109375,1470060000
2023-04-27,33381.66015625,34104.55859375,33374.6484375,34098.16015625,34098.16015625,697550000
